rank,number_of_citations,article_number,volume,year
1,4146,450,11,2011
2,2788,88,9,2009
3,1429,456,10,2010
4,1029,770,11,2011
5,938,109,11,2011
6,883,119,11,2011
7,802,66,11,2011
8,701,117,8,2008
9,646,357,7,2007
10,628,15,8,2008
11,608,30,7,2007
12,574,647,11,2011
13,495,177,6,2006
14,479,53,7,2007
15,476,421,9,2009
16,476,200,8,2008
17,463,33,9,2009
18,456,86,5,2005
19,451,168,7,2007
20,404,196,8,2008
21,399,513,10,2010
22,397,347,8,2008
23,396,S15,11,2011
24,390,242,10,2010
25,388,285,9,2009
26,378,7,5,2005
27,375,564,11,2011
28,368,575,11,2011
29,351,487,11,2011
30,349,289,8,2008
31,343,582,11,2011
32,342,2,11,2011
33,327,786,11,2011
34,321,1,11,2011
35,319,149,6,2006
36,317,475,10,2010
37,311,299,10,2010
38,310,231,10,2010
39,310,450,9,2009
40,306,356,9,2009
41,304,802,11,2011
42,304,14,9,2009
43,303,51,9,2009
44,301,206,8,2008
45,299,104,7,2007
46,298,258,10,2010
47,293,70,5,2005
48,292,244,11,2011
49,292,155,6,2006
50,290,465,9,2009
51,277,S4,11,2011
52,273,56,10,2010
53,272,292,11,2011
54,268,255,6,2006
55,267,395,11,2011
56,267,S3,11,2011
57,267,538,10,2010
58,265,S12,11,2011
59,259,101,11,2011
60,256,479,11,2011
61,256,213,9,2009
62,252,220,7,2007
63,251,165,7,2007
64,248,828,11,2011
65,247,341,9,2009
66,246,20,10,2010
67,239,11,1,2001
68,233,184,9,2009
69,233,208,7,2007
70,230,187,11,2011
71,230,234,7,2007
72,230,32,3,2003
73,226,212,7,2007
74,224,249,11,2011
75,222,268,7,2007
76,219,S25,11,2011
77,218,89,7,2007
78,216,355,8,2008
79,216,161,7,2007
80,212,300,6,2006
81,212,9,4,2004
82,211,414,10,2010
83,209,116,6,2006
84,203,476,10,2010
85,202,S23,11,2011
86,200,1,9,2009
87,200,67,5,2005
88,199,125,8,2008
89,198,247,6,2006
90,197,167,9,2009
91,197,59,6,2006
92,196,S7,11,2011
93,196,107,10,2010
94,195,44,4,2004
95,192,168,9,2009
96,192,56,9,2009
97,189,304,10,2010
98,189,1,10,2010
99,188,366,8,2008
100,186,29,4,2004
101,184,249,7,2007
102,183,718,10,2010
103,182,S24,11,2011
104,181,240,10,2010
105,181,62,10,2010
106,180,801,11,2011
107,177,221,8,2008
108,177,58,6,2006
109,176,323,8,2008
110,176,103,8,2008
111,175,387,9,2009
112,174,692,11,2011
113,174,381,8,2008
114,173,511,11,2011
115,172,214,10,2010
116,172,81,7,2007
117,170,395,9,2009
118,170,117,9,2009
119,170,1,8,2008
120,169,15,11,2011
121,169,S5,11,2011
122,169,525,10,2010
123,168,612,10,2010
124,168,284,6,2006
125,168,180,6,2006
126,167,834,11,2011
127,167,34,9,2009
128,166,99,6,2006
129,164,771,10,2010
130,164,234,10,2010
131,163,614,10,2010
132,163,21,4,2004
133,162,595,11,2011
134,162,21,9,2009
135,162,155,8,2008
136,161,606,11,2011
137,160,507,11,2011
138,160,194,10,2010
139,160,68,5,2005
140,159,938,11,2011
141,159,396,11,2011
142,159,38,10,2010
143,159,251,6,2006
144,158,638,11,2011
145,157,46,9,2009
146,156,232,8,2008
147,156,140,5,2005
148,155,328,11,2011
149,155,274,11,2011
150,155,485,10,2010
151,155,172,10,2010
152,155,302,9,2009
153,153,S11,11,2011
154,153,326,10,2010
155,153,192,9,2009
156,153,369,8,2008
157,152,261,11,2011
158,152,158,10,2010
159,151,240,11,2011
160,151,61,8,2008
161,151,138,6,2006
162,150,19,9,2009
163,148,38,4,2004
164,147,73,7,2007
165,146,211,7,2007
166,144,784,10,2010
167,144,564,10,2010
168,144,34,6,2006
169,143,S9,11,2011
170,143,83,10,2010
171,142,84,9,2009
172,142,84,8,2008
173,142,12,7,2007
174,142,64,4,2004
175,141,102,10,2010
176,141,212,6,2006
177,141,126,5,2005
178,141,94,5,2005
179,140,530,10,2010
180,140,106,9,2009
181,140,48,8,2008
182,138,129,9,2009
183,137,170,9,2009
184,137,52,9,2009
185,137,263,8,2008
186,136,23,11,2011
187,136,6,11,2011
188,136,464,9,2009
189,136,453,9,2009
190,135,302,11,2011
191,135,S22,11,2011
192,135,467,9,2009
193,135,161,8,2008
194,135,63,7,2007
195,134,839,11,2011
196,134,174,8,2008
197,133,515,10,2010
198,133,446,9,2009
199,132,538,11,2011
200,132,651,10,2010
201,132,292,8,2008
202,132,234,8,2008
203,132,347,7,2007
204,132,36,5,2005
205,132,23,2,2002
206,131,462,9,2009
207,130,440,11,2011
208,130,388,8,2008
209,130,327,8,2008
210,130,141,6,2006
211,129,459,10,2010
212,129,215,6,2006
213,128,754,11,2011
214,128,583,11,2011
215,128,239,11,2011
216,128,535,10,2010
217,128,192,10,2010
218,128,81,8,2008
219,128,13,6,2006
220,127,936,11,2011
221,127,696,11,2011
222,127,661,11,2011
223,127,116,9,2009
224,126,485,11,2011
225,126,130,11,2011
226,126,265,8,2008
227,126,1,6,2006
228,126,53,5,2005
229,126,12,4,2004
230,125,176,10,2010
231,125,10,9,2009
232,125,353,8,2008
233,125,200,7,2007
234,124,529,10,2010
235,124,290,9,2009
236,124,135,8,2008
237,123,418,10,2010
238,123,111,10,2010
239,123,138,5,2005
240,122,853,11,2011
241,122,660,11,2011
242,122,174,9,2009
243,122,68,4,2004
244,122,19,4,2004
245,121,105,8,2008
246,120,145,11,2011
247,120,1,7,2007
248,119,104,6,2006
249,119,109,5,2005
250,118,130,10,2010
251,118,240,7,2007
252,118,16,7,2007
253,118,225,6,2006
254,117,115,7,2007
255,117,98,6,2006
256,116,657,11,2011
257,116,272,8,2008
258,115,653,10,2010
259,115,248,9,2009
260,115,346,8,2008
261,115,203,8,2008
262,115,4,8,2008
263,114,342,9,2009
264,114,182,9,2009
265,114,76,9,2009
266,114,226,6,2006
267,113,491,11,2011
268,113,230,10,2010
269,113,66,10,2010
270,113,223,9,2009
271,113,255,8,2008
272,112,233,7,2007
273,112,311,6,2006
274,111,766,11,2011
275,111,128,8,2008
276,110,273,10,2010
277,109,46,11,2011
278,109,246,8,2008
279,109,188,8,2008
280,109,176,8,2008
281,109,69,8,2008
282,109,76,7,2007
283,109,90,5,2005
284,109,1,5,2005
285,108,443,11,2011
286,108,315,11,2011
287,108,40,11,2011
288,108,183,9,2009
289,108,255,7,2007
290,108,155,7,2007
291,108,92,7,2007
292,108,119,5,2005
293,108,11,5,2005
294,108,9,1,2001
295,107,727,11,2011
296,107,180,11,2011
297,107,324,10,2010
298,107,377,9,2009
299,107,384,8,2008
300,107,286,6,2006
301,107,147,6,2006
302,107,105,6,2006
303,106,943,11,2011
304,106,612,11,2011
305,106,35,11,2011
306,106,672,10,2010
307,106,247,10,2010
308,106,63,8,2008
309,106,36,8,2008
310,106,164,7,2007
311,105,136,11,2011
312,105,792,10,2010
313,105,573,10,2010
314,105,62,8,2008
315,104,387,11,2011
316,104,228,11,2011
317,104,519,10,2010
318,104,239,8,2008
319,104,78,6,2006
320,104,5,4,2004
321,103,913,11,2011
322,103,S1,11,2011
323,103,75,9,2009
324,103,61,9,2009
325,103,36,9,2009
326,103,93,8,2008
327,103,186,7,2007
328,103,41,7,2007
329,103,19,5,2005
330,102,428,9,2009
331,102,313,9,2009
332,102,281,9,2009
333,102,129,7,2007
334,101,342,11,2011
335,101,217,11,2011
336,101,6,9,2009
337,101,198,8,2008
338,101,297,7,2007
339,101,2,7,2007
340,100,832,11,2011
341,100,161,11,2011
342,100,789,10,2010
343,100,259,10,2010
344,100,186,9,2009
345,100,72,9,2009
346,100,125,6,2006
347,100,87,5,2005
348,99,671,11,2011
349,99,178,11,2011
350,99,783,10,2010
351,99,24,10,2010
352,99,280,8,2008
353,99,143,8,2008
354,99,136,8,2008
355,99,187,6,2006
356,99,169,6,2006
357,99,122,5,2005
358,98,30,11,2011
359,98,731,10,2010
360,98,436,10,2010
361,98,217,10,2010
362,98,20,8,2008
363,98,172,7,2007
364,97,760,11,2011
365,97,224,11,2011
366,97,S20,11,2011
367,97,120,10,2010
368,97,272,9,2009
369,97,209,9,2009
370,97,21,6,2006
371,96,850,11,2011
372,96,461,11,2011
373,96,419,9,2009
374,96,269,7,2007
375,95,934,11,2011
376,95,601,11,2011
377,95,434,11,2011
378,95,593,10,2010
379,95,22,9,2009
380,95,219,8,2008
381,95,29,8,2008
382,95,217,7,2007
383,94,759,11,2011
384,94,499,11,2011
385,94,235,9,2009
386,94,359,8,2008
387,94,271,8,2008
388,94,222,6,2006
389,94,4,5,2005
390,94,32,4,2004
391,93,597,11,2011
392,93,256,11,2011
393,93,720,10,2010
394,93,211,10,2010
395,93,94,9,2009
396,93,237,8,2008
397,93,231,8,2008
398,92,925,11,2011
399,92,861,11,2011
400,92,568,11,2011
401,92,558,11,2011
402,92,337,10,2010
403,92,27,10,2010
404,92,19,10,2010
405,92,296,9,2009
406,92,253,9,2009
407,92,352,8,2008
408,91,569,10,2010
409,91,369,9,2009
410,91,111,9,2009
411,91,405,8,2008
412,91,324,8,2008
413,91,266,6,2006
414,90,942,11,2011
415,90,140,11,2011
416,90,42,11,2011
417,90,785,10,2010
418,90,710,10,2010
419,90,394,8,2008
420,90,293,8,2008
421,89,22,11,2011
422,89,435,9,2009
423,89,316,8,2008
424,89,202,8,2008
425,89,340,7,2007
426,89,225,7,2007
427,89,228,6,2006
428,88,402,11,2011
429,88,326,8,2008
430,88,336,7,2007
431,87,732,10,2010
432,87,276,10,2010
433,87,113,10,2010
434,87,88,10,2010
435,87,258,8,2008
436,87,181,8,2008
437,87,14,3,2003
438,86,65,11,2011
439,86,196,9,2009
440,86,81,9,2009
441,86,44,9,2009
442,86,327,7,2007
443,86,66,5,2005
444,85,745,11,2011
445,85,S10,11,2011
446,85,413,10,2010
447,85,493,9,2009
448,85,439,9,2009
449,85,367,8,2008
450,85,336,8,2008
451,85,215,8,2008
452,85,11,8,2008
453,85,142,7,2007
454,85,174,6,2006
455,85,94,6,2006
456,85,17,4,2004
457,84,143,11,2011
458,84,S17,11,2011
459,84,S19,11,2011
460,84,581,10,2010
461,84,248,10,2010
462,84,99,10,2010
463,84,394,9,2009
464,84,233,9,2009
465,84,349,7,2007
466,84,6,7,2007
467,84,75,5,2005
468,84,1,4,2004
469,83,553,11,2011
470,83,777,10,2010
471,83,442,10,2010
472,83,397,10,2010
473,83,109,10,2010
474,83,53,9,2009
475,83,319,8,2008
476,83,204,8,2008
477,83,163,8,2008
478,83,263,7,2007
479,83,184,7,2007
480,83,115,5,2005
481,83,3,3,2003
482,82,31,10,2010
483,82,132,6,2006
484,81,353,11,2011
485,81,800,10,2010
486,81,679,10,2010
487,81,317,10,2010
488,81,301,10,2010
489,81,437,9,2009
490,81,407,8,2008
491,81,304,6,2006
492,81,244,6,2006
493,81,221,6,2006
494,81,93,6,2006
495,80,895,11,2011
496,80,735,11,2011
497,80,731,11,2011
498,80,26,11,2011
499,80,S7,11,2011
500,80,782,10,2010
501,80,760,10,2010
502,80,422,9,2009
503,80,409,8,2008
504,80,222,8,2008
505,80,197,8,2008
506,80,288,7,2007
507,80,80,7,2007
508,80,258,6,2006
509,80,158,6,2006
510,79,585,11,2011
511,79,560,11,2011
512,79,341,11,2011
513,79,221,11,2011
514,79,189,11,2011
515,79,715,10,2010
516,79,545,10,2010
517,79,355,9,2009
518,79,171,9,2009
519,79,5,9,2009
520,79,178,8,2008
521,79,291,7,2007
522,79,62,7,2007
523,79,4,6,2006
524,78,870,11,2011
525,78,796,11,2011
526,78,791,11,2011
527,78,196,11,2011
528,78,S18,11,2011
529,78,769,10,2010
530,78,309,10,2010
531,78,213,10,2010
532,78,242,9,2009
533,78,199,7,2007
534,78,268,6,2006
535,78,141,5,2005
536,78,16,3,2003
537,77,790,11,2011
538,77,688,11,2011
539,77,520,11,2011
540,77,404,11,2011
541,77,95,11,2011
542,77,656,10,2010
543,77,223,10,2010
544,77,406,9,2009
545,77,371,9,2009
546,77,222,9,2009
547,77,214,9,2009
548,77,148,8,2008
549,77,280,6,2006
550,77,95,6,2006
551,77,53,6,2006
552,77,45,5,2005
553,76,450,10,2010
554,76,333,9,2009
555,76,130,9,2009
556,76,230,8,2008
557,76,8,8,2008
558,76,285,7,2007
559,76,290,6,2006
560,76,44,5,2005
561,75,313,11,2011
562,75,33,11,2011
563,75,S10,11,2011
564,75,762,10,2010
565,75,705,10,2010
566,75,632,10,2010
567,75,507,10,2010
568,75,329,10,2010
569,75,334,7,2007
570,75,62,4,2004
571,75,36,4,2004
572,74,699,11,2011
573,74,465,11,2011
574,74,678,10,2010
575,74,551,10,2010
576,74,486,9,2009
577,74,424,9,2009
578,74,150,9,2009
579,74,S5,9,2009
580,74,66,8,2008
581,74,209,7,2007
582,74,149,7,2007
583,74,78,7,2007
584,74,7,2,2002
585,73,874,11,2011
586,73,652,11,2011
587,73,437,11,2011
588,73,102,11,2011
589,73,84,11,2011
590,73,714,10,2010
591,73,554,10,2010
592,73,514,10,2010
593,73,367,10,2010
594,73,223,8,2008
595,73,100,5,2005
596,73,66,4,2004
597,72,818,11,2011
598,72,803,11,2011
599,72,680,11,2011
600,72,670,11,2011
601,72,169,11,2011
602,72,778,10,2010
603,72,627,10,2010
604,72,531,10,2010
605,72,432,10,2010
606,72,73,9,2009
607,72,244,8,2008
608,72,182,7,2007
609,72,110,6,2006
610,72,108,5,2005
611,72,105,5,2005
612,71,836,11,2011
613,71,549,10,2010
614,71,460,10,2010
615,71,286,10,2010
616,71,329,9,2009
617,71,136,9,2009
618,71,6,8,2008
619,71,256,7,2007
620,71,57,7,2007
621,71,253,6,2006
622,71,10,3,2003
623,70,429,11,2011
624,70,106,8,2008
625,70,238,6,2006
626,70,233,6,2006
627,70,159,6,2006
628,70,47,4,2004
629,69,884,11,2011
630,69,393,11,2011
631,69,S32,11,2011
632,69,741,10,2010
633,69,629,10,2010
634,69,121,10,2010
635,69,322,9,2009
636,69,399,8,2008
637,69,92,8,2008
638,69,218,7,2007
639,69,275,6,2006
640,69,211,6,2006
641,69,101,6,2006
642,69,73,6,2006
643,68,755,11,2011
644,68,624,11,2011
645,68,615,11,2011
646,68,165,11,2011
647,68,53,11,2011
648,68,S13,11,2011
649,68,S4,11,2011
650,68,347,10,2010
651,68,68,10,2010
652,68,370,9,2009
653,68,175,9,2009
654,68,11,9,2009
655,68,398,8,2008
656,68,335,7,2007
657,68,271,6,2006
658,68,234,6,2006
659,68,118,6,2006
660,68,37,5,2005
661,67,543,11,2011
662,67,28,11,2011
663,67,711,10,2010
664,67,633,10,2010
665,67,585,10,2010
666,67,268,10,2010
667,67,175,10,2010
668,67,123,10,2010
669,67,10,10,2010
670,67,286,9,2009
671,67,217,9,2009
672,67,273,7,2007
673,67,213,7,2007
674,67,180,7,2007
675,67,289,6,2006
676,67,102,6,2006
677,67,131,5,2005
678,67,18,4,2004
679,66,831,11,2011
680,66,365,11,2011
681,66,264,11,2011
682,66,468,10,2010
683,66,437,10,2010
684,66,296,10,2010
685,66,72,10,2010
686,66,59,10,2010
687,66,264,9,2009
688,66,215,9,2009
689,66,122,9,2009
690,66,368,8,2008
691,66,354,8,2008
692,66,194,8,2008
693,66,326,7,2007
694,66,315,7,2007
695,66,176,7,2007
696,66,88,7,2007
697,66,66,7,2007
698,66,213,6,2006
699,66,78,5,2005
700,65,742,11,2011
701,65,586,11,2011
702,65,513,11,2011
703,65,425,11,2011
704,65,357,11,2011
705,65,188,11,2011
706,65,159,11,2011
707,65,652,10,2010
708,65,492,10,2010
709,65,342,7,2007
710,65,304,7,2007
711,65,216,7,2007
712,65,138,7,2007
713,65,101,7,2007
714,65,37,7,2007
715,64,300,11,2011
716,64,94,11,2011
717,64,703,10,2010
718,64,693,10,2010
719,64,650,10,2010
720,64,479,10,2010
721,64,361,9,2009
722,64,107,9,2009
723,64,103,6,2006
724,64,13,3,2003
725,63,928,11,2011
726,63,886,11,2011
727,63,723,11,2011
728,63,653,11,2011
729,63,S21,11,2011
730,63,786,10,2010
731,63,712,10,2010
732,63,510,10,2010
733,63,477,10,2010
734,63,406,10,2010
735,63,322,10,2010
736,63,379,9,2009
737,63,162,9,2009
738,63,18,8,2008
739,63,177,7,2007
740,63,291,6,2006
741,63,81,6,2006
742,63,6,6,2006
743,62,927,11,2011
744,62,682,11,2011
745,62,587,11,2011
746,62,442,11,2011
747,62,S11,11,2011
748,62,S14,11,2011
749,62,147,10,2010
750,62,90,10,2010
751,62,43,10,2010
752,62,118,9,2009
753,62,104,9,2009
754,62,389,8,2008
755,62,102,8,2008
756,62,289,7,2007
757,62,97,7,2007
758,62,242,6,2006
759,62,232,6,2006
760,62,51,4,2004
761,62,13,2,2002
762,62,2,2,2002
763,61,730,11,2011
764,61,559,11,2011
765,61,173,11,2011
766,61,29,11,2011
767,61,609,10,2010
768,61,527,10,2010
769,61,390,10,2010
770,61,458,9,2009
771,61,384,9,2009
772,61,148,9,2009
773,61,67,9,2009
774,61,304,8,2008
775,61,229,8,2008
776,61,79,8,2008
777,61,105,7,2007
778,61,68,7,2007
779,61,24,7,2007
780,61,301,6,2006
781,61,208,6,2006
782,61,92,6,2006
783,61,84,6,2006
784,61,20,6,2006
785,61,82,5,2005
786,61,58,4,2004
787,61,33,3,2003
788,60,225,11,2011
789,60,736,10,2010
790,60,508,10,2010
791,60,318,10,2010
792,60,314,10,2010
793,60,208,10,2010
794,60,116,10,2010
795,60,21,10,2010
796,60,430,9,2009
797,60,380,9,2009
798,60,368,9,2009
799,60,27,9,2009
800,60,55,8,2008
801,60,299,7,2007
802,60,277,7,2007
803,60,224,7,2007
804,60,187,7,2007
805,60,136,6,2006
806,59,311,11,2011
807,59,215,11,2011
808,59,160,11,2011
809,59,150,11,2011
810,59,58,11,2011
811,59,509,10,2010
812,59,108,10,2010
813,59,40,10,2010
814,59,S5,10,2010
815,59,211,9,2009
816,59,3,9,2009
817,59,412,8,2008
818,59,395,8,2008
819,59,282,7,2007
820,59,156,6,2006
821,58,650,11,2011
822,58,589,11,2011
823,58,406,11,2011
824,58,403,11,2011
825,58,382,11,2011
826,58,S5,11,2011
827,58,447,10,2010
828,58,298,10,2010
829,58,168,10,2010
830,58,94,10,2010
831,58,47,10,2010
832,58,489,9,2009
833,58,457,9,2009
834,58,258,9,2009
835,58,7,9,2009
836,58,171,8,2008
837,58,147,8,2008
838,58,119,8,2008
839,58,188,7,2007
840,58,154,7,2007
841,58,214,6,2006
842,58,185,6,2006
843,58,146,6,2006
844,58,24,6,2006
845,58,12,6,2006
846,58,114,5,2005
847,58,50,4,2004
848,57,804,11,2011
849,57,681,11,2011
850,57,584,11,2011
851,57,484,11,2011
852,57,88,11,2011
853,57,780,10,2010
854,57,660,10,2010
855,57,478,10,2010
856,57,428,10,2010
857,57,391,10,2010
858,57,487,9,2009
859,57,218,9,2009
860,57,143,9,2009
861,57,142,9,2009
862,57,279,8,2008
863,57,249,8,2008
864,57,142,8,2008
865,57,124,8,2008
866,57,152,7,2007
867,57,207,6,2006
868,57,182,6,2006
869,57,88,6,2006
870,57,57,6,2006
871,57,22,4,2004
872,57,11,4,2004
873,57,21,3,2003
874,56,918,11,2011
875,56,649,11,2011
876,56,349,11,2011
877,56,S4,11,2011
878,56,765,10,2010
879,56,643,10,2010
880,56,610,10,2010
881,56,501,10,2010
882,56,220,9,2009
883,56,320,8,2008
884,56,301,8,2008
885,56,195,8,2008
886,56,116,8,2008
887,56,75,8,2008
888,56,283,7,2007
889,56,280,7,2007
890,56,71,7,2007
891,56,48,7,2007
892,56,203,6,2006
893,56,123,6,2006
894,56,106,5,2005
895,56,4,2,2002
896,55,360,11,2011
897,55,262,11,2011
898,55,21,11,2011
899,55,S5,11,2011
900,55,763,10,2010
901,55,619,10,2010
902,55,380,10,2010
903,55,300,10,2010
904,55,237,10,2010
905,55,154,10,2010
906,55,104,10,2010
907,55,67,10,2010
908,55,41,10,2010
909,55,287,9,2009
910,55,224,9,2009
911,55,132,9,2009
912,55,418,8,2008
913,55,91,8,2008
914,55,37,8,2008
915,55,110,7,2007
916,55,42,7,2007
917,55,70,6,2006
918,55,128,5,2005
919,55,79,5,2005
920,55,23,4,2004
921,55,6,4,2004
922,54,950,11,2011
923,54,799,11,2011
924,54,213,11,2011
925,54,72,11,2011
926,54,655,10,2010
927,54,157,10,2010
928,54,443,9,2009
929,54,350,8,2008
930,54,34,8,2008
931,54,18,7,2007
932,54,310,6,2006
933,54,37,6,2006
934,53,762,11,2011
935,53,519,11,2011
936,53,227,11,2011
937,53,219,11,2011
938,53,82,11,2011
939,53,43,11,2011
940,53,491,10,2010
941,53,331,10,2010
942,53,302,10,2010
943,53,281,10,2010
944,53,423,9,2009
945,53,226,9,2009
946,53,45,9,2009
947,53,137,7,2007
948,53,118,7,2007
949,53,89,6,2006
950,53,32,6,2006
951,53,5,3,2003
952,52,788,11,2011
953,52,685,11,2011
954,52,644,11,2011
955,52,523,11,2011
956,52,464,11,2011
957,52,320,11,2011
958,52,319,11,2011
959,52,222,11,2011
960,52,S30,11,2011
961,52,521,10,2010
962,52,342,10,2010
963,52,233,10,2010
964,52,197,10,2010
965,52,184,10,2010
966,52,179,10,2010
967,52,74,10,2010
968,52,332,9,2009
969,52,292,9,2009
970,52,261,9,2009
971,52,423,8,2008
972,52,421,8,2008
973,52,358,8,2008
974,52,153,8,2008
975,52,51,8,2008
976,52,320,7,2007
977,52,134,6,2006
978,52,135,5,2005
979,52,57,4,2004
980,52,8,3,2003
981,51,947,11,2011
982,51,893,11,2011
983,51,536,11,2011
984,51,168,11,2011
985,51,77,11,2011
986,51,62,11,2011
987,51,365,10,2010
988,51,330,10,2010
989,51,102,9,2009
990,51,361,8,2008
991,51,310,8,2008
992,51,300,8,2008
993,51,226,8,2008
994,51,16,8,2008
995,51,226,7,2007
996,51,288,6,2006
997,51,160,6,2006
998,51,53,4,2004
999,51,48,4,2004
1000,50,869,11,2011
1001,50,185,11,2011
1002,50,S3,11,2011
1003,50,799,10,2010
1004,50,746,10,2010
1005,50,706,10,2010
1006,50,378,10,2010
1007,50,327,10,2010
1008,50,237,9,2009
1009,50,144,9,2009
1010,50,383,8,2008
1011,50,317,8,2008
1012,50,235,8,2008
1013,50,86,8,2008
1014,50,22,8,2008
1015,50,151,7,2007
1016,50,54,7,2007
1017,50,19,7,2007
1018,50,307,6,2006
1019,50,239,6,2006
1020,50,130,5,2005
1021,50,25,2,2002
1022,49,706,11,2011
1023,49,674,11,2011
1024,49,567,11,2011
1025,49,317,11,2011
1026,49,275,11,2011
1027,49,170,11,2011
1028,49,125,11,2011
1029,49,S8,11,2011
1030,49,774,10,2010
1031,49,727,10,2010
1032,49,499,10,2010
1033,49,398,10,2010
1034,49,87,10,2010
1035,49,490,9,2009
1036,49,476,9,2009
1037,49,426,9,2009
1038,49,389,9,2009
1039,49,343,8,2008
1040,49,299,8,2008
1041,49,193,8,2008
1042,49,21,7,2007
1043,49,10,7,2007
1044,49,5,7,2007
1045,49,241,6,2006
1046,49,172,6,2006
1047,49,168,6,2006
1048,49,16,6,2006
1049,49,9,6,2006
1050,48,962,11,2011
1051,48,898,11,2011
1052,48,618,11,2011
1053,48,566,11,2011
1054,48,527,11,2011
1055,48,492,11,2011
1056,48,451,11,2011
1057,48,294,11,2011
1058,48,644,10,2010
1059,48,594,10,2010
1060,48,386,10,2010
1061,48,351,10,2010
1062,48,272,10,2010
1063,48,253,10,2010
1064,48,190,10,2010
1065,48,98,10,2010
1066,48,270,9,2009
1067,48,194,9,2009
1068,48,17,9,2009
1069,48,333,8,2008
1070,48,94,8,2008
1071,48,87,8,2008
1072,48,9,8,2008
1073,48,7,8,2008
1074,48,316,7,2007
1075,48,281,7,2007
1076,48,272,7,2007
1077,48,241,7,2007
1078,48,239,7,2007
1079,48,189,7,2007
1080,48,299,6,2006
1081,48,269,6,2006
1082,48,17,6,2006
1083,48,58,5,2005
1084,48,49,4,2004
1085,48,34,4,2004
1086,47,933,11,2011
1087,47,920,11,2011
1088,47,694,11,2011
1089,47,515,11,2011
1090,47,459,11,2011
1091,47,363,11,2011
1092,47,267,11,2011
1093,47,154,11,2011
1094,47,118,11,2011
1095,47,114,11,2011
1096,47,68,11,2011
1097,47,11,11,2011
1098,47,S1,11,2011
1099,47,755,10,2010
1100,47,452,10,2010
1101,47,187,10,2010
1102,47,2,10,2010
1103,47,454,9,2009
1104,47,295,9,2009
1105,47,236,9,2009
1106,47,210,9,2009
1107,47,115,9,2009
1108,47,422,8,2008
1109,47,337,8,2008
1110,47,97,8,2008
1111,47,54,8,2008
1112,47,354,7,2007
1113,47,244,7,2007
1114,47,122,7,2007
1115,47,98,7,2007
1116,47,3,7,2007
1117,47,27,5,2005
1118,47,1,3,2003
1119,47,18,2,2002
1120,47,8,1,2001
1121,46,724,11,2011
1122,46,314,11,2011
1123,46,S16,11,2011
1124,46,560,10,2010
1125,46,537,10,2010
1126,46,533,10,2010
1127,46,448,10,2010
1128,46,372,10,2010
1129,46,287,10,2010
1130,46,81,10,2010
1131,46,49,10,2010
1132,46,S12,10,2010
1133,46,427,9,2009
1134,46,293,9,2009
1135,46,201,9,2009
1136,46,92,9,2009
1137,46,425,8,2008
1138,46,392,8,2008
1139,46,364,8,2008
1140,46,46,8,2008
1141,46,274,7,2007
1142,46,123,7,2007
1143,46,230,6,2006
1144,46,199,6,2006
1145,46,197,6,2006
1146,46,154,6,2006
1147,46,87,6,2006
1148,46,76,6,2006
1149,46,64,6,2006
1150,46,43,6,2006
1151,46,29,6,2006
1152,46,129,5,2005
1153,46,85,5,2005
1154,46,56,5,2005
1155,45,837,11,2011
1156,45,734,11,2011
1157,45,645,11,2011
1158,45,542,11,2011
1159,45,512,11,2011
1160,45,502,11,2011
1161,45,493,11,2011
1162,45,248,11,2011
1163,45,243,11,2011
1164,45,139,11,2011
1165,45,4,11,2011
1166,45,691,10,2010
1167,45,662,10,2010
1168,45,526,10,2010
1169,45,496,10,2010
1170,45,416,10,2010
1171,45,400,10,2010
1172,45,368,10,2010
1173,45,220,10,2010
1174,45,174,10,2010
1175,45,92,10,2010
1176,45,75,10,2010
1177,45,229,9,2009
1178,45,191,9,2009
1179,45,348,8,2008
1180,45,313,8,2008
1181,45,172,8,2008
1182,45,44,8,2008
1183,45,21,8,2008
1184,45,284,7,2007
1185,45,245,7,2007
1186,45,176,6,2006
1187,45,153,6,2006
1188,45,66,6,2006
1189,45,62,5,2005
1190,45,55,4,2004
1191,45,31,4,2004
1192,44,954,11,2011
1193,44,840,11,2011
1194,44,700,11,2011
1195,44,654,11,2011
1196,44,475,11,2011
1197,44,458,11,2011
1198,44,441,11,2011
1199,44,417,11,2011
1200,44,193,11,2011
1201,44,182,11,2011
1202,44,181,11,2011
1203,44,38,11,2011
1204,44,36,11,2011
1205,44,761,10,2010
1206,44,729,10,2010
1207,44,677,10,2010
1208,44,659,10,2010
1209,44,462,10,2010
1210,44,373,10,2010
1211,44,356,10,2010
1212,44,353,10,2010
1213,44,339,10,2010
1214,44,241,9,2009
1215,44,147,9,2009
1216,44,47,9,2009
1217,44,424,8,2008
1218,44,250,7,2007
1219,44,192,7,2007
1220,44,156,7,2007
1221,44,133,7,2007
1222,44,265,6,2006
1223,44,249,6,2006
1224,44,26,6,2006
1225,44,124,5,2005
1226,44,59,5,2005
1227,44,51,5,2005
1228,43,935,11,2011
1229,43,795,11,2011
1230,43,668,11,2011
1231,43,646,11,2011
1232,43,603,11,2011
1233,43,530,11,2011
1234,43,454,11,2011
1235,43,278,11,2011
1236,43,269,11,2011
1237,43,232,11,2011
1238,43,757,10,2010
1239,43,730,10,2010
1240,43,621,10,2010
1241,43,269,10,2010
1242,43,119,10,2010
1243,43,388,9,2009
1244,43,343,9,2009
1245,43,178,9,2009
1246,43,109,9,2009
1247,43,S1,9,2009
1248,43,166,8,2008
1249,43,163,7,2007
1250,43,147,7,2007
1251,43,229,6,2006
1252,43,65,6,2006
1253,43,13,4,2004
1254,42,854,11,2011
1255,42,659,11,2011
1256,42,641,11,2011
1257,42,439,11,2011
1258,42,389,11,2011
1259,42,334,11,2011
1260,42,218,11,2011
1261,42,207,11,2011
1262,42,S8,11,2011
1263,42,438,10,2010
1264,42,274,10,2010
1265,42,117,10,2010
1266,42,78,10,2010
1267,42,23,10,2010
1268,42,449,9,2009
1269,42,431,9,2009
1270,42,324,9,2009
1271,42,177,9,2009
1272,42,156,9,2009
1273,42,110,9,2009
1274,42,96,9,2009
1275,42,69,9,2009
1276,42,29,9,2009
1277,42,191,8,2008
1278,42,96,8,2008
1279,42,17,8,2008
1280,42,309,7,2007
1281,42,195,7,2007
1282,42,160,7,2007
1283,42,282,6,2006
1284,42,22,6,2006
1285,42,2,6,2006
1286,42,118,5,2005
1287,42,23,5,2005
1288,42,8,5,2005
1289,42,56,4,2004
1290,42,39,4,2004
1291,41,930,11,2011
1292,41,778,11,2011
1293,41,722,11,2011
1294,41,619,11,2011
1295,41,384,11,2011
1296,41,374,11,2011
1297,41,199,11,2011
1298,41,131,11,2011
1299,41,110,11,2011
1300,41,20,11,2011
1301,41,19,11,2011
1302,41,S1,11,2011
1303,41,791,10,2010
1304,41,596,10,2010
1305,41,489,10,2010
1306,41,486,10,2010
1307,41,480,10,2010
1308,41,426,10,2010
1309,41,425,10,2010
1310,41,204,10,2010
1311,41,198,10,2010
1312,41,159,10,2010
1313,41,142,10,2010
1314,41,141,10,2010
1315,41,S8,10,2010
1316,41,405,9,2009
1317,41,403,9,2009
1318,41,363,9,2009
1319,41,319,9,2009
1320,41,299,9,2009
1321,41,297,9,2009
1322,41,274,9,2009
1323,41,125,9,2009
1324,41,20,9,2009
1325,41,306,8,2008
1326,41,274,8,2008
1327,41,208,8,2008
1328,41,205,8,2008
1329,41,47,8,2008
1330,41,41,8,2008
1331,41,348,7,2007
1332,41,126,7,2007
1333,41,82,7,2007
1334,41,60,7,2007
1335,41,276,6,2006
1336,41,127,6,2006
1337,41,27,6,2006
1338,41,39,5,2005
1339,41,45,4,2004
1340,41,26,3,2003
1341,40,952,11,2011
1342,40,915,11,2011
1343,40,867,11,2011
1344,40,611,11,2011
1345,40,609,11,2011
1346,40,579,11,2011
1347,40,577,11,2011
1348,40,472,11,2011
1349,40,433,11,2011
1350,40,355,11,2011
1351,40,336,11,2011
1352,40,330,11,2011
1353,40,201,11,2011
1354,40,S7,11,2011
1355,40,638,10,2010
1356,40,522,10,2010
1357,40,267,10,2010
1358,40,224,10,2010
1359,40,63,10,2010
1360,40,55,10,2010
1361,40,470,9,2009
1362,40,413,8,2008
1363,40,277,8,2008
1364,40,257,8,2008
1365,40,2,8,2008
1366,40,350,7,2007
1367,40,271,7,2007
1368,40,178,7,2007
1369,40,13,7,2007
1370,40,312,6,2006
1371,40,295,6,2006
1372,40,128,6,2006
1373,40,111,5,2005
1374,40,6,2,2002
1375,39,948,11,2011
1376,39,911,11,2011
1377,39,776,11,2011
1378,39,592,11,2011
1379,39,544,11,2011
1380,39,503,11,2011
1381,39,423,11,2011
1382,39,S6,11,2011
1383,39,728,10,2010
1384,39,722,10,2010
1385,39,697,10,2010
1386,39,582,10,2010
1387,39,516,10,2010
1388,39,497,10,2010
1389,39,463,10,2010
1390,39,395,10,2010
1391,39,393,10,2010
1392,39,328,10,2010
1393,39,323,10,2010
1394,39,316,10,2010
1395,39,303,10,2010
1396,39,280,10,2010
1397,39,373,9,2009
1398,39,359,9,2009
1399,39,199,9,2009
1400,39,9,9,2009
1401,39,426,8,2008
1402,39,262,8,2008
1403,39,187,8,2008
1404,39,262,7,2007
1405,39,236,7,2007
1406,39,58,7,2007
1407,39,91,6,2006
1408,39,38,6,2006
1409,39,63,5,2005
1410,39,21,5,2005
1411,38,838,11,2011
1412,38,798,11,2011
1413,38,656,11,2011
1414,38,554,11,2011
1415,38,490,11,2011
1416,38,448,11,2011
1417,38,378,11,2011
1418,38,362,11,2011
1419,38,49,11,2011
1420,38,628,10,2010
1421,38,591,10,2010
1422,38,340,10,2010
1423,38,191,10,2010
1424,38,239,9,2009
1425,38,207,9,2009
1426,38,185,9,2009
1427,38,100,9,2009
1428,38,55,9,2009
1429,38,372,8,2008
1430,38,248,8,2008
1431,38,210,8,2008
1432,38,85,8,2008
1433,38,64,8,2008
1434,38,338,7,2007
1435,38,206,7,2007
1436,38,196,7,2007
1437,38,9,7,2007
1438,38,283,6,2006
1439,38,274,6,2006
1440,38,201,6,2006
1441,38,188,6,2006
1442,38,71,5,2005
1443,38,26,5,2005
1444,38,16,5,2005
1445,38,2,4,2004
1446,37,462,11,2011
1447,37,407,11,2011
1448,37,340,11,2011
1449,37,335,11,2011
1450,37,303,11,2011
1451,37,287,11,2011
1452,37,162,11,2011
1453,37,69,11,2011
1454,37,752,10,2010
1455,37,602,10,2010
1456,37,381,10,2010
1457,37,232,10,2010
1458,37,173,10,2010
1459,37,65,10,2010
1460,37,12,10,2010
1461,37,409,9,2009
1462,37,314,9,2009
1463,37,180,9,2009
1464,37,165,9,2009
1465,37,155,9,2009
1466,37,105,9,2009
1467,37,40,9,2009
1468,37,365,8,2008
1469,37,321,8,2008
1470,37,241,8,2008
1471,37,199,8,2008
1472,37,159,8,2008
1473,37,129,8,2008
1474,37,12,8,2008
1475,37,10,8,2008
1476,37,3,8,2008
1477,37,114,7,2007
1478,37,132,5,2005
1479,37,46,5,2005
1480,37,25,5,2005
1481,37,43,4,2004
1482,37,17,3,2003
1483,37,12,2,2002
1484,37,10,1,2001
1485,37,7,1,2001
1486,36,891,11,2011
1487,36,877,11,2011
1488,36,876,11,2011
1489,36,719,11,2011
1490,36,376,11,2011
1491,36,179,11,2011
1492,36,176,11,2011
1493,36,172,11,2011
1494,36,148,11,2011
1495,36,3,11,2011
1496,36,S4,11,2011
1497,36,723,10,2010
1498,36,641,10,2010
1499,36,624,10,2010
1500,36,601,10,2010
1501,36,589,10,2010
1502,36,512,10,2010
1503,36,465,10,2010
1504,36,409,10,2010
1505,36,252,10,2010
1506,36,250,10,2010
1507,36,215,10,2010
1508,36,167,10,2010
1509,36,259,9,2009
1510,36,216,9,2009
1511,36,195,9,2009
1512,36,193,9,2009
1513,36,139,9,2009
1514,36,127,9,2009
1515,36,77,9,2009
1516,36,275,8,2008
1517,36,266,8,2008
1518,36,251,8,2008
1519,36,243,8,2008
1520,36,207,8,2008
1521,36,182,8,2008
1522,36,179,8,2008
1523,36,165,8,2008
1524,36,83,8,2008
1525,36,321,7,2007
1526,36,312,7,2007
1527,36,231,7,2007
1528,36,169,7,2007
1529,36,136,7,2007
1530,36,35,7,2007
1531,36,34,7,2007
1532,36,29,7,2007
1533,36,15,7,2007
1534,36,121,5,2005
1535,35,929,11,2011
1536,35,827,11,2011
1537,35,733,11,2011
1538,35,640,11,2011
1539,35,633,11,2011
1540,35,410,11,2011
1541,35,352,11,2011
1542,35,308,11,2011
1543,35,295,11,2011
1544,35,283,11,2011
1545,35,245,11,2011
1546,35,192,11,2011
1547,35,113,11,2011
1548,35,96,11,2011
1549,35,67,11,2011
1550,35,S6,11,2011
1551,35,787,10,2010
1552,35,733,10,2010
1553,35,608,10,2010
1554,35,579,10,2010
1555,35,420,10,2010
1556,35,403,10,2010
1557,35,251,10,2010
1558,35,227,10,2010
1559,35,13,10,2010
1560,35,9,10,2010
1561,35,320,9,2009
1562,35,305,9,2009
1563,35,276,9,2009
1564,35,254,9,2009
1565,35,124,9,2009
1566,35,79,9,2009
1567,35,419,8,2008
1568,35,411,8,2008
1569,35,400,8,2008
1570,35,340,8,2008
1571,35,285,8,2008
1572,35,352,7,2007
1573,35,341,7,2007
1574,35,278,7,2007
1575,35,254,7,2007
1576,35,230,7,2007
1577,35,171,7,2007
1578,35,141,7,2007
1579,35,259,6,2006
1580,35,171,6,2006
1581,35,19,6,2006
1582,35,18,6,2006
1583,35,98,5,2005
1584,35,20,5,2005
1585,35,46,4,2004
1586,35,33,4,2004
1587,35,39,3,2003
1588,34,908,11,2011
1589,34,879,11,2011
1590,34,738,11,2011
1591,34,643,11,2011
1592,34,635,11,2011
1593,34,525,11,2011
1594,34,483,11,2011
1595,34,460,11,2011
1596,34,431,11,2011
1597,34,418,11,2011
1598,34,348,11,2011
1599,34,304,11,2011
1600,34,208,11,2011
1601,34,200,11,2011
1602,34,149,11,2011
1603,34,107,11,2011
1604,34,13,11,2011
1605,34,I1,11,2011
1606,34,S8,11,2011
1607,34,766,10,2010
1608,34,738,10,2010
1609,34,734,10,2010
1610,34,637,10,2010
1611,34,458,10,2010
1612,34,156,10,2010
1613,34,145,10,2010
1614,34,32,10,2010
1615,34,408,9,2009
1616,34,374,9,2009
1617,34,159,9,2009
1618,34,138,9,2009
1619,34,112,9,2009
1620,34,93,9,2009
1621,34,12,9,2009
1622,34,341,8,2008
1623,34,288,8,2008
1624,34,286,8,2008
1625,34,154,8,2008
1626,34,313,7,2007
1627,34,295,7,2007
1628,34,279,7,2007
1629,34,207,7,2007
1630,34,132,7,2007
1631,34,23,7,2007
1632,34,273,6,2006
1633,34,227,6,2006
1634,34,74,5,2005
1635,34,14,5,2005
1636,34,37,4,2004
1637,34,12,1,2001
1638,33,932,11,2011
1639,33,914,11,2011
1640,33,765,11,2011
1641,33,658,11,2011
1642,33,539,11,2011
1643,33,426,11,2011
1644,33,416,11,2011
1645,33,373,11,2011
1646,33,265,11,2011
1647,33,237,11,2011
1648,33,24,11,2011
1649,33,7,11,2011
1650,33,5,11,2011
1651,33,775,10,2010
1652,33,724,10,2010
1653,33,671,10,2010
1654,33,616,10,2010
1655,33,307,10,2010
1656,33,265,10,2010
1657,33,229,10,2010
1658,33,207,10,2010
1659,33,126,10,2010
1660,33,100,10,2010
1661,33,79,10,2010
1662,33,491,9,2009
1663,33,440,9,2009
1664,33,433,9,2009
1665,33,400,9,2009
1666,33,357,9,2009
1667,33,339,9,2009
1668,33,335,9,2009
1669,33,145,9,2009
1670,33,121,9,2009
1671,33,S3,9,2009
1672,33,192,8,2008
1673,33,168,8,2008
1674,33,74,8,2008
1675,33,50,8,2008
1676,33,246,7,2007
1677,33,204,7,2007
1678,33,39,7,2007
1679,33,178,6,2006
1680,33,161,6,2006
1681,33,135,6,2006
1682,33,54,6,2006
1683,33,23,6,2006
1684,33,137,5,2005
1685,33,1,2,2002
1686,32,949,11,2011
1687,32,857,11,2011
1688,32,851,11,2011
1689,32,843,11,2011
1690,32,841,11,2011
1691,32,777,11,2011
1692,32,717,11,2011
1693,32,715,11,2011
1694,32,675,11,2011
1695,32,663,11,2011
1696,32,590,11,2011
1697,32,533,11,2011
1698,32,481,11,2011
1699,32,427,11,2011
1700,32,14,11,2011
1701,32,10,11,2011
1702,32,788,10,2010
1703,32,753,10,2010
1704,32,669,10,2010
1705,32,556,10,2010
1706,32,446,10,2010
1707,32,412,10,2010
1708,32,371,10,2010
1709,32,295,10,2010
1710,32,290,10,2010
1711,32,282,10,2010
1712,32,271,10,2010
1713,32,218,10,2010
1714,32,138,10,2010
1715,32,52,10,2010
1716,32,460,9,2009
1717,32,416,9,2009
1718,32,410,9,2009
1719,32,367,9,2009
1720,32,249,9,2009
1721,32,203,9,2009
1722,32,181,9,2009
1723,32,120,9,2009
1724,32,35,9,2009
1725,32,371,8,2008
1726,32,330,8,2008
1727,32,42,8,2008
1728,32,308,7,2007
1729,32,227,7,2007
1730,32,170,7,2007
1731,32,144,7,2007
1732,32,143,7,2007
1733,32,224,6,2006
1734,32,198,6,2006
1735,32,151,6,2006
1736,32,112,6,2006
1737,32,31,6,2006
1738,32,125,5,2005
1739,32,63,4,2004
1740,32,35,3,2003
1741,32,6,3,2003
1742,31,848,11,2011
1743,31,847,11,2011
1744,31,782,11,2011
1745,31,708,11,2011
1746,31,705,11,2011
1747,31,678,11,2011
1748,31,630,11,2011
1749,31,537,11,2011
1750,31,432,11,2011
1751,31,379,11,2011
1752,31,316,11,2011
1753,31,214,11,2011
1754,31,198,11,2011
1755,31,177,11,2011
1756,31,795,10,2010
1757,31,793,10,2010
1758,31,595,10,2010
1759,31,470,10,2010
1760,31,430,10,2010
1761,31,427,10,2010
1762,31,354,10,2010
1763,31,352,10,2010
1764,31,195,10,2010
1765,31,188,10,2010
1766,31,183,10,2010
1767,31,139,10,2010
1768,31,80,10,2010
1769,31,48,10,2010
1770,31,366,9,2009
1771,31,309,9,2009
1772,31,260,9,2009
1773,31,206,9,2009
1774,31,30,9,2009
1775,31,26,9,2009
1776,31,13,9,2009
1777,31,S10,9,2009
1778,31,344,8,2008
1779,31,225,8,2008
1780,31,140,8,2008
1781,31,68,8,2008
1782,31,57,8,2008
1783,31,332,7,2007
1784,31,205,7,2007
1785,31,40,7,2007
1786,31,272,6,2006
1787,31,186,6,2006
1788,31,72,6,2006
1789,31,67,6,2006
1790,31,139,5,2005
1791,31,101,5,2005
1792,31,83,5,2005
1793,31,65,5,2005
1794,31,3,5,2005
1795,31,24,4,2004
1796,31,9,2,2002
1797,30,881,11,2011
1798,30,855,11,2011
1799,30,823,11,2011
1800,30,808,11,2011
1801,30,787,11,2011
1802,30,571,11,2011
1803,30,529,11,2011
1804,30,501,11,2011
1805,30,333,11,2011
1806,30,331,11,2011
1807,30,284,11,2011
1808,30,73,11,2011
1809,30,56,11,2011
1810,30,34,11,2011
1811,30,8,11,2011
1812,30,S3,11,2011
1813,30,S9,11,2011
1814,30,676,10,2010
1815,30,675,10,2010
1816,30,544,10,2010
1817,30,504,10,2010
1818,30,487,10,2010
1819,30,482,10,2010
1820,30,439,10,2010
1821,30,366,10,2010
1822,30,261,10,2010
1823,30,137,10,2010
1824,30,96,10,2010
1825,30,69,10,2010
1826,30,S2,10,2010
1827,30,485,9,2009
1828,30,474,9,2009
1829,30,441,9,2009
1830,30,415,9,2009
1831,30,358,9,2009
1832,30,353,9,2009
1833,30,346,9,2009
1834,30,172,9,2009
1835,30,164,9,2009
1836,30,114,9,2009
1837,30,99,9,2009
1838,30,37,9,2009
1839,30,322,8,2008
1840,30,259,8,2008
1841,30,216,8,2008
1842,30,157,8,2008
1843,30,132,8,2008
1844,30,38,8,2008
1845,30,359,7,2007
1846,30,339,7,2007
1847,30,325,7,2007
1848,30,306,7,2007
1849,30,292,7,2007
1850,30,261,7,2007
1851,30,102,7,2007
1852,30,74,7,2007
1853,30,32,7,2007
1854,30,31,7,2007
1855,30,20,7,2007
1856,30,292,6,2006
1857,30,279,6,2006
1858,30,220,6,2006
1859,30,206,6,2006
1860,30,157,6,2006
1861,30,79,6,2006
1862,30,142,5,2005
1863,30,92,5,2005
1864,30,30,5,2005
1865,30,31,3,2003
1866,30,27,3,2003
1867,29,865,11,2011
1868,29,835,11,2011
1869,29,716,11,2011
1870,29,642,11,2011
1871,29,514,11,2011
1872,29,498,11,2011
1873,29,476,11,2011
1874,29,409,11,2011
1875,29,246,11,2011
1876,29,238,11,2011
1877,29,229,11,2011
1878,29,191,11,2011
1879,29,152,11,2011
1880,29,112,11,2011
1881,29,108,11,2011
1882,29,S2,11,2011
1883,29,411,10,2010
1884,29,345,10,2010
1885,29,325,10,2010
1886,29,236,10,2010
1887,29,219,10,2010
1888,29,182,10,2010
1889,29,53,10,2010
1890,29,14,10,2010
1891,29,456,9,2009
1892,29,347,9,2009
1893,29,325,9,2009
1894,29,311,9,2009
1895,29,298,9,2009
1896,29,166,9,2009
1897,29,154,9,2009
1898,29,78,9,2009
1899,29,42,9,2009
1900,29,S4,9,2009
1901,29,416,8,2008
1902,29,339,8,2008
1903,29,120,8,2008
1904,29,109,8,2008
1905,29,107,8,2008
1906,29,70,8,2008
1907,29,26,8,2008
1908,29,344,7,2007
1909,29,69,7,2007
1910,29,36,7,2007
1911,29,181,6,2006
1912,29,115,6,2006
1913,29,40,6,2006
1914,29,8,6,2006
1915,29,36,3,2003
1916,29,22,2,2002
1917,28,941,11,2011
1918,28,885,11,2011
1919,28,780,11,2011
1920,28,774,11,2011
1921,28,767,11,2011
1922,28,736,11,2011
1923,28,545,11,2011
1924,28,532,11,2011
1925,28,477,11,2011
1926,28,467,11,2011
1927,28,375,11,2011
1928,28,194,11,2011
1929,28,151,11,2011
1930,28,106,11,2011
1931,28,9,11,2011
1932,28,S2,11,2011
1933,28,758,10,2010
1934,28,725,10,2010
1935,28,699,10,2010
1936,28,645,10,2010
1937,28,631,10,2010
1938,28,586,10,2010
1939,28,572,10,2010
1940,28,563,10,2010
1941,28,539,10,2010
1942,28,518,10,2010
1943,28,503,10,2010
1944,28,493,10,2010
1945,28,433,10,2010
1946,28,431,10,2010
1947,28,357,10,2010
1948,28,257,10,2010
1949,28,199,10,2010
1950,28,146,10,2010
1951,28,110,10,2010
1952,28,61,10,2010
1953,28,34,10,2010
1954,28,451,9,2009
1955,28,304,9,2009
1956,28,231,9,2009
1957,28,153,9,2009
1958,28,71,9,2009
1959,28,390,8,2008
1960,28,382,8,2008
1961,28,332,8,2008
1962,28,331,8,2008
1963,28,250,8,2008
1964,28,265,7,2007
1965,28,258,7,2007
1966,28,194,7,2007
1967,28,148,7,2007
1968,28,139,7,2007
1969,28,287,6,2006
1970,28,267,6,2006
1971,28,219,6,2006
1972,28,202,6,2006
1973,28,117,6,2006
1974,28,114,6,2006
1975,28,100,6,2006
1976,28,74,6,2006
1977,28,69,6,2006
1978,28,50,6,2006
1979,28,42,6,2006
1980,28,11,6,2006
1981,28,10,6,2006
1982,28,134,5,2005
1983,28,116,5,2005
1984,28,49,5,2005
1985,28,43,5,2005
1986,28,60,4,2004
1987,28,7,4,2004
1988,27,961,11,2011
1989,27,959,11,2011
1990,27,890,11,2011
1991,27,878,11,2011
1992,27,690,11,2011
1993,27,665,11,2011
1994,27,549,11,2011
1995,27,541,11,2011
1996,27,505,11,2011
1997,27,289,11,2011
1998,27,236,11,2011
1999,27,205,11,2011
2000,27,203,11,2011
2001,27,146,11,2011
2002,27,64,11,2011
2003,27,767,10,2010
2004,27,622,10,2010
2005,27,506,10,2010
2006,27,396,10,2010
2007,27,377,10,2010
2008,27,288,10,2010
2009,27,285,10,2010
2010,27,196,10,2010
2011,27,180,10,2010
2012,27,133,10,2010
2013,27,105,10,2010
2014,27,91,10,2010
2015,27,89,10,2010
2016,27,82,10,2010
2017,27,8,10,2010
2018,27,492,9,2009
2019,27,483,9,2009
2020,27,482,9,2009
2021,27,364,9,2009
2022,27,331,9,2009
2023,27,327,9,2009
2024,27,291,9,2009
2025,27,149,9,2009
2026,27,39,9,2009
2027,27,18,9,2009
2028,27,380,8,2008
2029,27,328,8,2008
2030,27,305,8,2008
2031,27,245,8,2008
2032,27,150,8,2008
2033,27,126,8,2008
2034,27,77,8,2008
2035,27,72,8,2008
2036,27,43,8,2008
2037,27,23,8,2008
2038,27,353,7,2007
2039,27,302,7,2007
2040,27,260,7,2007
2041,27,162,7,2007
2042,27,87,7,2007
2043,27,85,7,2007
2044,27,65,7,2007
2045,27,277,6,2006
2046,27,252,6,2006
2047,27,223,6,2006
2048,27,189,6,2006
2049,27,183,6,2006
2050,27,106,6,2006
2051,27,41,6,2006
2052,27,3,6,2006
2053,27,24,5,2005
2054,27,22,5,2005
2055,27,15,3,2003
2056,27,1,1,2001
2057,26,916,11,2011
2058,26,821,11,2011
2059,26,792,11,2011
2060,26,711,11,2011
2061,26,572,11,2011
2062,26,517,11,2011
2063,26,447,11,2011
2064,26,422,11,2011
2065,26,401,11,2011
2066,26,383,11,2011
2067,26,338,11,2011
2068,26,309,11,2011
2069,26,271,11,2011
2070,26,234,11,2011
2071,26,206,11,2011
2072,26,134,11,2011
2073,26,122,11,2011
2074,26,115,11,2011
2075,26,92,11,2011
2076,26,12,11,2011
2077,26,S9,11,2011
2078,26,630,10,2010
2079,26,587,10,2010
2080,26,558,10,2010
2081,26,445,10,2010
2082,26,423,10,2010
2083,26,410,10,2010
2084,26,178,10,2010
2085,26,132,10,2010
2086,26,112,10,2010
2087,26,60,10,2010
2088,26,46,10,2010
2089,26,45,10,2010
2090,26,480,9,2009
2091,26,471,9,2009
2092,26,372,9,2009
2093,26,340,9,2009
2094,26,315,9,2009
2095,26,301,9,2009
2096,26,204,9,2009
2097,26,160,9,2009
2098,26,146,9,2009
2099,26,66,9,2009
2100,26,2,9,2009
2101,26,S2,9,2009
2102,26,S7,9,2009
2103,26,401,8,2008
2104,26,387,8,2008
2105,26,374,8,2008
2106,26,247,8,2008
2107,26,224,8,2008
2108,26,218,8,2008
2109,26,121,8,2008
2110,26,345,7,2007
2111,26,318,7,2007
2112,26,266,7,2007
2113,26,106,7,2007
2114,26,11,7,2007
2115,26,231,6,2006
2116,26,194,6,2006
2117,26,170,6,2006
2118,26,166,6,2006
2119,26,144,6,2006
2120,26,71,6,2006
2121,26,120,5,2005
2122,26,81,5,2005
2123,26,52,5,2005
2124,26,35,4,2004
2125,26,2,1,2001
2126,25,844,11,2011
2127,25,814,11,2011
2128,25,807,11,2011
2129,25,779,11,2011
2130,25,720,11,2011
2131,25,684,11,2011
2132,25,677,11,2011
2133,25,620,11,2011
2134,25,578,11,2011
2135,25,488,11,2011
2136,25,486,11,2011
2137,25,337,11,2011
2138,25,268,11,2011
2139,25,252,11,2011
2140,25,204,11,2011
2141,25,104,11,2011
2142,25,100,11,2011
2143,25,60,11,2011
2144,25,S34,11,2011
2145,25,801,10,2010
2146,25,744,10,2010
2147,25,721,10,2010
2148,25,716,10,2010
2149,25,713,10,2010
2150,25,663,10,2010
2151,25,566,10,2010
2152,25,562,10,2010
2153,25,467,10,2010
2154,25,429,10,2010
2155,25,384,10,2010
2156,25,143,10,2010
2157,25,85,10,2010
2158,25,477,9,2009
2159,25,475,9,2009
2160,25,401,9,2009
2161,25,376,9,2009
2162,25,350,9,2009
2163,25,330,9,2009
2164,25,221,9,2009
2165,25,158,9,2009
2166,25,151,9,2009
2167,25,119,9,2009
2168,25,103,9,2009
2169,25,41,9,2009
2170,25,428,8,2008
2171,25,406,8,2008
2172,25,360,8,2008
2173,25,315,8,2008
2174,25,282,8,2008
2175,25,267,8,2008
2176,25,214,8,2008
2177,25,175,8,2008
2178,25,162,8,2008
2179,25,111,8,2008
2180,25,100,8,2008
2181,25,49,8,2008
2182,25,30,8,2008
2183,25,298,7,2007
2184,25,259,7,2007
2185,25,150,7,2007
2186,25,61,7,2007
2187,25,278,6,2006
2188,25,195,6,2006
2189,25,192,6,2006
2190,25,96,6,2006
2191,25,61,6,2006
2192,25,52,6,2006
2193,25,36,6,2006
2194,25,133,5,2005
2195,25,104,5,2005
2196,25,102,5,2005
2197,25,77,5,2005
2198,25,69,5,2005
2199,25,31,5,2005
2200,25,42,4,2004
2201,25,10,4,2004
2202,25,40,3,2003
2203,24,921,11,2011
2204,24,917,11,2011
2205,24,849,11,2011
2206,24,785,11,2011
2207,24,769,11,2011
2208,24,704,11,2011
2209,24,703,11,2011
2210,24,672,11,2011
2211,24,651,11,2011
2212,24,637,11,2011
2213,24,621,11,2011
2214,24,580,11,2011
2215,24,463,11,2011
2216,24,424,11,2011
2217,24,421,11,2011
2218,24,301,11,2011
2219,24,298,11,2011
2220,24,253,11,2011
2221,24,184,11,2011
2222,24,74,11,2011
2223,24,743,10,2010
2224,24,735,10,2010
2225,24,701,10,2010
2226,24,668,10,2010
2227,24,658,10,2010
2228,24,654,10,2010
2229,24,618,10,2010
2230,24,578,10,2010
2231,24,575,10,2010
2232,24,540,10,2010
2233,24,408,10,2010
2234,24,359,10,2010
2235,24,235,10,2010
2236,24,216,10,2010
2237,24,148,10,2010
2238,24,127,10,2010
2239,24,115,10,2010
2240,24,54,10,2010
2241,24,25,10,2010
2242,24,418,9,2009
2243,24,390,9,2009
2244,24,378,9,2009
2245,24,360,9,2009
2246,24,308,9,2009
2247,24,307,9,2009
2248,24,283,9,2009
2249,24,176,9,2009
2250,24,133,9,2009
2251,24,228,8,2008
2252,24,170,8,2008
2253,24,39,8,2008
2254,24,355,7,2007
2255,24,346,7,2007
2256,24,317,7,2007
2257,24,290,7,2007
2258,24,276,7,2007
2259,24,257,7,2007
2260,24,232,7,2007
2261,24,202,7,2007
2262,24,174,7,2007
2263,24,140,7,2007
2264,24,91,7,2007
2265,24,64,7,2007
2266,24,26,7,2007
2267,24,285,6,2006
2268,24,262,6,2006
2269,24,133,6,2006
2270,24,49,6,2006
2271,24,46,6,2006
2272,24,39,6,2006
2273,23,956,11,2011
2274,23,909,11,2011
2275,23,871,11,2011
2276,23,858,11,2011
2277,23,781,11,2011
2278,23,721,11,2011
2279,23,655,11,2011
2280,23,522,11,2011
2281,23,500,11,2011
2282,23,489,11,2011
2283,23,438,11,2011
2284,23,358,11,2011
2285,23,339,11,2011
2286,23,325,11,2011
2287,23,235,11,2011
2288,23,233,11,2011
2289,23,209,11,2011
2290,23,141,11,2011
2291,23,135,11,2011
2292,23,127,11,2011
2293,23,86,11,2011
2294,23,S8,11,2011
2295,23,S3,11,2011
2296,23,781,10,2010
2297,23,764,10,2010
2298,23,745,10,2010
2299,23,635,10,2010
2300,23,592,10,2010
2301,23,550,10,2010
2302,23,532,10,2010
2303,23,511,10,2010
2304,23,451,10,2010
2305,23,402,10,2010
2306,23,335,10,2010
2307,23,319,10,2010
2308,23,222,10,2010
2309,23,209,10,2010
2310,23,205,10,2010
2311,23,169,10,2010
2312,23,166,10,2010
2313,23,11,10,2010
2314,23,6,10,2010
2315,23,461,9,2009
2316,23,447,9,2009
2317,23,336,9,2009
2318,23,289,9,2009
2319,23,232,9,2009
2320,23,228,9,2009
2321,23,190,9,2009
2322,23,85,9,2009
2323,23,43,9,2009
2324,23,338,8,2008
2325,23,302,8,2008
2326,23,149,8,2008
2327,23,144,8,2008
2328,23,133,8,2008
2329,23,122,8,2008
2330,23,56,8,2008
2331,23,52,8,2008
2332,23,228,7,2007
2333,23,185,7,2007
2334,23,175,7,2007
2335,23,167,7,2007
2336,23,116,7,2007
2337,23,263,6,2006
2338,23,137,6,2006
2339,23,97,5,2005
2340,23,95,5,2005
2341,23,54,5,2005
2342,23,41,3,2003
2343,23,29,3,2003
2344,23,24,2,2002
2345,23,5,2,2002
2346,23,14,1,2001
2347,22,944,11,2011
2348,22,940,11,2011
2349,22,875,11,2011
2350,22,846,11,2011
2351,22,806,11,2011
2352,22,784,11,2011
2353,22,749,11,2011
2354,22,709,11,2011
2355,22,679,11,2011
2356,22,613,11,2011
2357,22,607,11,2011
2358,22,380,11,2011
2359,22,310,11,2011
2360,22,305,11,2011
2361,22,291,11,2011
2362,22,290,11,2011
2363,22,258,11,2011
2364,22,250,11,2011
2365,22,133,11,2011
2366,22,81,11,2011
2367,22,61,11,2011
2368,22,S10,11,2011
2369,22,751,10,2010
2370,22,700,10,2010
2371,22,686,10,2010
2372,22,626,10,2010
2373,22,611,10,2010
2374,22,606,10,2010
2375,22,553,10,2010
2376,22,435,10,2010
2377,22,417,10,2010
2378,22,363,10,2010
2379,22,349,10,2010
2380,22,313,10,2010
2381,22,256,10,2010
2382,22,246,10,2010
2383,22,97,10,2010
2384,22,57,10,2010
2385,22,S9,10,2010
2386,22,469,9,2009
2387,22,455,9,2009
2388,22,402,9,2009
2389,22,365,9,2009
2390,22,267,9,2009
2391,22,246,9,2009
2392,22,225,9,2009
2393,22,163,9,2009
2394,22,97,9,2009
2395,22,70,9,2009
2396,22,417,8,2008
2397,22,414,8,2008
2398,22,404,8,2008
2399,22,403,8,2008
2400,22,373,8,2008
2401,22,357,8,2008
2402,22,356,8,2008
2403,22,342,8,2008
2404,22,303,8,2008
2405,22,256,8,2008
2406,22,160,8,2008
2407,22,90,8,2008
2408,22,80,8,2008
2409,22,19,8,2008
2410,22,343,7,2007
2411,22,331,7,2007
2412,22,117,7,2007
2413,22,111,7,2007
2414,22,59,7,2007
2415,22,27,7,2007
2416,22,17,7,2007
2417,22,281,6,2006
2418,22,217,6,2006
2419,22,205,6,2006
2420,22,204,6,2006
2421,22,140,6,2006
2422,22,119,6,2006
2423,22,75,6,2006
2424,22,41,5,2005
2425,22,41,4,2004
2426,22,38,3,2003
2427,22,20,3,2003
2428,22,7,3,2003
2429,21,905,11,2011
2430,21,899,11,2011
2431,21,897,11,2011
2432,21,729,11,2011
2433,21,707,11,2011
2434,21,662,11,2011
2435,21,482,11,2011
2436,21,444,11,2011
2437,21,428,11,2011
2438,21,390,11,2011
2439,21,366,11,2011
2440,21,351,11,2011
2441,21,346,11,2011
2442,21,312,11,2011
2443,21,285,11,2011
2444,21,142,11,2011
2445,21,120,11,2011
2446,21,S4,11,2011
2447,21,S2,11,2011
2448,21,683,10,2010
2449,21,648,10,2010
2450,21,534,10,2010
2451,21,502,10,2010
2452,21,382,10,2010
2453,21,341,10,2010
2454,21,332,10,2010
2455,21,245,10,2010
2456,21,118,10,2010
2457,21,76,10,2010
2458,21,70,10,2010
2459,21,44,10,2010
2460,21,18,10,2010
2461,21,414,9,2009
2462,21,392,9,2009
2463,21,312,9,2009
2464,21,273,9,2009
2465,21,252,9,2009
2466,21,108,9,2009
2467,21,62,9,2009
2468,21,408,8,2008
2469,21,276,8,2008
2470,21,260,8,2008
2471,21,254,8,2008
2472,21,183,8,2008
2473,21,101,8,2008
2474,21,S4,8,2008
2475,21,328,7,2007
2476,21,324,7,2007
2477,21,253,7,2007
2478,21,119,7,2007
2479,21,108,7,2007
2480,21,86,7,2007
2481,21,75,7,2007
2482,21,33,7,2007
2483,21,14,7,2007
2484,21,235,6,2006
2485,21,190,6,2006
2486,21,164,6,2006
2487,21,107,5,2005
2488,21,80,5,2005
2489,21,50,5,2005
2490,21,30,4,2004
2491,21,11,3,2003
2492,20,882,11,2011
2493,20,872,11,2011
2494,20,868,11,2011
2495,20,856,11,2011
2496,20,773,11,2011
2497,20,761,11,2011
2498,20,588,11,2011
2499,20,573,11,2011
2500,20,470,11,2011
2501,20,419,11,2011
2502,20,412,11,2011
2503,20,408,11,2011
2504,20,329,11,2011
2505,20,297,11,2011
2506,20,272,11,2011
2507,20,263,11,2011
2508,20,210,11,2011
2509,20,190,11,2011
2510,20,167,11,2011
2511,20,80,11,2011
2512,20,17,11,2011
2513,20,S6,11,2011
2514,20,S3,11,2011
2515,20,S26,11,2011
2516,20,S28,11,2011
2517,20,748,10,2010
2518,20,717,10,2010
2519,20,698,10,2010
2520,20,649,10,2010
2521,20,552,10,2010
2522,20,541,10,2010
2523,20,443,10,2010
2524,20,293,10,2010
2525,20,255,10,2010
2526,20,225,10,2010
2527,20,164,10,2010
2528,20,73,10,2010
2529,20,16,10,2010
2530,20,S1,10,2010
2531,20,386,9,2009
2532,20,317,9,2009
2533,20,306,9,2009
2534,20,303,9,2009
2535,20,141,9,2009
2536,20,294,8,2008
2537,20,283,8,2008
2538,20,177,8,2008
2539,20,164,8,2008
2540,20,151,8,2008
2541,20,127,8,2008
2542,20,108,8,2008
2543,20,73,8,2008
2544,20,65,8,2008
2545,20,45,8,2008
2546,20,33,8,2008
2547,20,330,7,2007
2548,20,287,7,2007
2549,20,235,7,2007
2550,20,219,7,2007
2551,20,183,7,2007
2552,20,135,7,2007
2553,20,128,7,2007
2554,20,121,7,2007
2555,20,95,7,2007
2556,20,306,6,2006
2557,20,261,6,2006
2558,20,162,6,2006
2559,20,97,6,2006
2560,20,90,6,2006
2561,20,13,5,2005
2562,20,12,5,2005
2563,20,6,5,2005
2564,20,20,2,2002
2565,20,14,2,2002
2566,20,3,2,2002
2567,20,17,1,2001
2568,19,963,11,2011
2569,19,951,11,2011
2570,19,919,11,2011
2571,19,904,11,2011
2572,19,833,11,2011
2573,19,824,11,2011
2574,19,822,11,2011
2575,19,794,11,2011
2576,19,764,11,2011
2577,19,634,11,2011
2578,19,565,11,2011
2579,19,562,11,2011
2580,19,368,11,2011
2581,19,354,11,2011
2582,19,350,11,2011
2583,19,211,11,2011
2584,19,197,11,2011
2585,19,164,11,2011
2586,19,156,11,2011
2587,19,132,11,2011
2588,19,93,11,2011
2589,19,39,11,2011
2590,19,S11,11,2011
2591,19,S13,11,2011
2592,19,704,10,2010
2593,19,680,10,2010
2594,19,673,10,2010
2595,19,661,10,2010
2596,19,565,10,2010
2597,19,469,10,2010
2598,19,320,10,2010
2599,19,212,10,2010
2600,19,181,10,2010
2601,19,162,10,2010
2602,19,51,10,2010
2603,19,50,10,2010
2604,19,417,9,2009
2605,19,404,9,2009
2606,19,349,9,2009
2607,19,328,9,2009
2608,19,284,9,2009
2609,19,265,9,2009
2610,19,262,9,2009
2611,19,250,9,2009
2612,19,S8,9,2009
2613,19,S6,9,2009
2614,19,420,8,2008
2615,19,393,8,2008
2616,19,377,8,2008
2617,19,370,8,2008
2618,19,270,8,2008
2619,19,233,8,2008
2620,19,156,8,2008
2621,19,118,8,2008
2622,19,82,8,2008
2623,19,238,7,2007
2624,19,201,7,2007
2625,19,131,7,2007
2626,19,94,7,2007
2627,19,131,6,2006
2628,19,130,6,2006
2629,19,109,6,2006
2630,19,44,6,2006
2631,19,30,6,2006
2632,19,127,5,2005
2633,19,61,5,2005
2634,19,48,5,2005
2635,19,17,5,2005
2636,19,27,4,2004
2637,19,26,2,2002
2638,18,894,11,2011
2639,18,864,11,2011
2640,18,859,11,2011
2641,18,826,11,2011
2642,18,701,11,2011
2643,18,632,11,2011
2644,18,598,11,2011
2645,18,550,11,2011
2646,18,526,11,2011
2647,18,496,11,2011
2648,18,468,11,2011
2649,18,372,11,2011
2650,18,347,11,2011
2651,18,299,11,2011
2652,18,276,11,2011
2653,18,230,11,2011
2654,18,195,11,2011
2655,18,183,11,2011
2656,18,55,11,2011
2657,18,51,11,2011
2658,18,794,10,2010
2659,18,598,10,2010
2660,18,561,10,2010
2661,18,547,10,2010
2662,18,542,10,2010
2663,18,415,10,2010
2664,18,360,10,2010
2665,18,292,10,2010
2666,18,260,10,2010
2667,18,160,10,2010
2668,18,26,10,2010
2669,18,484,9,2009
2670,18,448,9,2009
2671,18,381,9,2009
2672,18,354,9,2009
2673,18,352,9,2009
2674,18,338,9,2009
2675,18,310,9,2009
2676,18,243,9,2009
2677,18,208,9,2009
2678,18,126,9,2009
2679,18,113,9,2009
2680,18,101,9,2009
2681,18,83,9,2009
2682,18,48,9,2009
2683,18,396,8,2008
2684,18,385,8,2008
2685,18,351,8,2008
2686,18,329,8,2008
2687,18,314,8,2008
2688,18,284,8,2008
2689,18,273,8,2008
2690,18,269,8,2008
2691,18,146,8,2008
2692,18,134,8,2008
2693,18,110,8,2008
2694,18,314,7,2007
2695,18,248,7,2007
2696,18,159,7,2007
2697,18,134,7,2007
2698,18,130,7,2007
2699,18,125,7,2007
2700,18,96,7,2007
2701,18,72,7,2007
2702,18,309,6,2006
2703,18,308,6,2006
2704,18,294,6,2006
2705,18,250,6,2006
2706,18,196,6,2006
2707,18,167,6,2006
2708,18,33,6,2006
2709,18,99,5,2005
2710,18,55,5,2005
2711,18,30,3,2003
2712,18,9,3,2003
2713,18,11,2,2002
2714,18,10,2,2002
2715,17,907,11,2011
2716,17,845,11,2011
2717,17,829,11,2011
2718,17,737,11,2011
2719,17,732,11,2011
2720,17,718,11,2011
2721,17,710,11,2011
2722,17,695,11,2011
2723,17,667,11,2011
2724,17,629,11,2011
2725,17,604,11,2011
2726,17,599,11,2011
2727,17,596,11,2011
2728,17,534,11,2011
2729,17,478,11,2011
2730,17,457,11,2011
2731,17,370,11,2011
2732,17,212,11,2011
2733,17,126,11,2011
2734,17,98,11,2011
2735,17,75,11,2011
2736,17,59,11,2011
2737,17,45,11,2011
2738,17,32,11,2011
2739,17,776,10,2010
2740,17,690,10,2010
2741,17,597,10,2010
2742,17,588,10,2010
2743,17,474,10,2010
2744,17,472,10,2010
2745,17,376,10,2010
2746,17,362,10,2010
2747,17,338,10,2010
2748,17,312,10,2010
2749,17,239,10,2010
2750,17,228,10,2010
2751,17,171,10,2010
2752,17,149,10,2010
2753,17,135,10,2010
2754,17,4,10,2010
2755,17,S11,10,2010
2756,17,478,9,2009
2757,17,473,9,2009
2758,17,348,9,2009
2759,17,282,9,2009
2760,17,266,9,2009
2761,17,134,9,2009
2762,17,86,9,2009
2763,17,64,9,2009
2764,17,59,9,2009
2765,17,57,9,2009
2766,17,15,9,2009
2767,17,S15,9,2009
2768,17,363,8,2008
2769,17,325,8,2008
2770,17,213,8,2008
2771,17,190,8,2008
2772,17,139,8,2008
2773,17,115,8,2008
2774,17,89,8,2008
2775,17,25,8,2008
2776,17,311,7,2007
2777,17,303,7,2007
2778,17,247,7,2007
2779,17,158,7,2007
2780,17,84,7,2007
2781,17,248,6,2006
2782,17,237,6,2006
2783,17,209,6,2006
2784,17,179,6,2006
2785,17,148,6,2006
2786,17,143,6,2006
2787,17,129,6,2006
2788,17,14,6,2006
2789,17,89,5,2005
2790,17,88,5,2005
2791,17,40,5,2005
2792,17,19,3,2003
2793,17,6,1,2001
2794,17,3,1,2001
2795,16,888,11,2011
2796,16,825,11,2011
2797,16,820,11,2011
2798,16,669,11,2011
2799,16,608,11,2011
2800,16,600,11,2011
2801,16,593,11,2011
2802,16,552,11,2011
2803,16,466,11,2011
2804,16,400,11,2011
2805,16,371,11,2011
2806,16,259,11,2011
2807,16,87,11,2011
2808,16,76,11,2011
2809,16,70,11,2011
2810,16,S10,11,2011
2811,16,790,10,2010
2812,16,740,10,2010
2813,16,695,10,2010
2814,16,670,10,2010
2815,16,667,10,2010
2816,16,599,10,2010
2817,16,567,10,2010
2818,16,483,10,2010
2819,16,455,10,2010
2820,16,405,10,2010
2821,16,374,10,2010
2822,16,348,10,2010
2823,16,336,10,2010
2824,16,334,10,2010
2825,16,310,10,2010
2826,16,226,10,2010
2827,16,144,10,2010
2828,16,140,10,2010
2829,16,131,10,2010
2830,16,103,10,2010
2831,16,22,10,2010
2832,16,S3,10,2010
2833,16,463,9,2009
2834,16,382,9,2009
2835,16,316,9,2009
2836,16,197,9,2009
2837,16,169,9,2009
2838,16,87,9,2009
2839,16,58,9,2009
2840,16,25,9,2009
2841,16,349,8,2008
2842,16,335,8,2008
2843,16,287,8,2008
2844,16,112,8,2008
2845,16,78,8,2008
2846,16,67,8,2008
2847,16,53,8,2008
2848,16,270,7,2007
2849,16,153,7,2007
2850,16,113,7,2007
2851,16,51,7,2007
2852,16,191,6,2006
2853,16,184,6,2006
2854,16,163,6,2006
2855,16,124,6,2006
2856,16,110,5,2005
2857,16,22,3,2003
2858,16,16,2,2002
2859,15,955,11,2011
2860,15,887,11,2011
2861,15,862,11,2011
2862,15,819,11,2011
2863,15,816,11,2011
2864,15,751,11,2011
2865,15,748,11,2011
2866,15,648,11,2011
2867,15,561,11,2011
2868,15,547,11,2011
2869,15,474,11,2011
2870,15,435,11,2011
2871,15,356,11,2011
2872,15,326,11,2011
2873,15,288,11,2011
2874,15,266,11,2011
2875,15,231,11,2011
2876,15,223,11,2011
2877,15,175,11,2011
2878,15,174,11,2011
2879,15,155,11,2011
2880,15,71,11,2011
2881,15,S4,11,2011
2882,15,S8,11,2011
2883,15,702,10,2010
2884,15,574,10,2010
2885,15,520,10,2010
2886,15,494,10,2010
2887,15,422,10,2010
2888,15,407,10,2010
2889,15,401,10,2010
2890,15,344,10,2010
2891,15,306,10,2010
2892,15,289,10,2010
2893,15,263,10,2010
2894,15,153,10,2010
2895,15,150,10,2010
2896,15,128,10,2010
2897,15,42,10,2010
2898,15,37,10,2010
2899,15,391,9,2009
2900,15,385,9,2009
2901,15,344,9,2009
2902,15,321,9,2009
2903,15,152,9,2009
2904,15,131,9,2009
2905,15,128,9,2009
2906,15,91,9,2009
2907,15,38,9,2009
2908,15,24,9,2009
2909,15,402,8,2008
2910,15,375,8,2008
2911,15,345,8,2008
2912,15,309,8,2008
2913,15,268,8,2008
2914,15,261,8,2008
2915,15,220,8,2008
2916,15,167,8,2008
2917,15,76,8,2008
2918,15,27,8,2008
2919,15,275,7,2007
2920,15,267,7,2007
2921,15,243,7,2007
2922,15,197,7,2007
2923,15,70,7,2007
2924,15,52,7,2007
2925,15,50,7,2007
2926,15,44,7,2007
2927,15,303,6,2006
2928,15,240,6,2006
2929,15,193,6,2006
2930,15,175,6,2006
2931,15,120,6,2006
2932,15,83,6,2006
2933,15,51,6,2006
2934,15,48,6,2006
2935,15,72,5,2005
2936,15,57,5,2005
2937,15,42,5,2005
2938,15,28,5,2005
2939,15,10,5,2005
2940,15,28,4,2004
2941,15,15,4,2004
2942,15,23,3,2003
2943,15,12,3,2003
2944,14,883,11,2011
2945,14,880,11,2011
2946,14,815,11,2011
2947,14,789,11,2011
2948,14,775,11,2011
2949,14,768,11,2011
2950,14,756,11,2011
2951,14,746,11,2011
2952,14,741,11,2011
2953,14,673,11,2011
2954,14,639,11,2011
2955,14,617,11,2011
2956,14,591,11,2011
2957,14,570,11,2011
2958,14,569,11,2011
2959,14,563,11,2011
2960,14,446,11,2011
2961,14,327,11,2011
2962,14,296,11,2011
2963,14,279,11,2011
2964,14,277,11,2011
2965,14,270,11,2011
2966,14,241,11,2011
2967,14,97,11,2011
2968,14,83,11,2011
2969,14,78,11,2011
2970,14,48,11,2011
2971,14,S9,11,2011
2972,14,S29,11,2011
2973,14,797,10,2010
2974,14,756,10,2010
2975,14,726,10,2010
2976,14,687,10,2010
2977,14,657,10,2010
2978,14,647,10,2010
2979,14,584,10,2010
2980,14,543,10,2010
2981,14,471,10,2010
2982,14,440,10,2010
2983,14,421,10,2010
2984,14,294,10,2010
2985,14,210,10,2010
2986,14,201,10,2010
2987,14,193,10,2010
2988,14,129,10,2010
2989,14,114,10,2010
2990,14,S6,10,2010
2991,14,452,9,2009
2992,14,436,9,2009
2993,14,434,9,2009
2994,14,375,9,2009
2995,14,240,9,2009
2996,14,238,9,2009
2997,14,140,9,2009
2998,14,135,9,2009
2999,14,98,9,2009
3000,14,74,9,2009
3001,14,54,9,2009
3002,14,50,9,2009
3003,14,31,9,2009
3004,14,429,8,2008
3005,14,415,8,2008
3006,14,227,8,2008
3007,14,201,8,2008
3008,14,152,8,2008
3009,14,179,7,2007
3010,14,166,7,2007
3011,14,109,7,2007
3012,14,100,7,2007
3013,14,56,7,2007
3014,14,46,7,2007
3015,14,270,6,2006
3016,14,173,6,2006
3017,14,165,6,2006
3018,14,139,6,2006
3019,14,108,6,2006
3020,14,82,6,2006
3021,14,96,5,2005
3022,14,67,4,2004
3023,14,34,3,2003
3024,14,27,2,2002
3025,13,896,11,2011
3026,13,830,11,2011
3027,13,812,11,2011
3028,13,753,11,2011
3029,13,744,11,2011
3030,13,689,11,2011
3031,13,602,11,2011
3032,13,581,11,2011
3033,13,574,11,2011
3034,13,535,11,2011
3035,13,508,11,2011
3036,13,494,11,2011
3037,13,391,11,2011
3038,13,386,11,2011
3039,13,323,11,2011
3040,13,282,11,2011
3041,13,257,11,2011
3042,13,163,11,2011
3043,13,79,11,2011
3044,13,S35,11,2011
3045,13,S15,11,2011
3046,13,S14,11,2011
3047,13,S31,11,2011
3048,13,779,10,2010
3049,13,772,10,2010
3050,13,709,10,2010
3051,13,689,10,2010
3052,13,684,10,2010
3053,13,583,10,2010
3054,13,570,10,2010
3055,13,488,10,2010
3056,13,481,10,2010
3057,13,466,10,2010
3058,13,441,10,2010
3059,13,394,10,2010
3060,13,383,10,2010
3061,13,361,10,2010
3062,13,346,10,2010
3063,13,315,10,2010
3064,13,284,10,2010
3065,13,189,10,2010
3066,13,165,10,2010
3067,13,95,10,2010
3068,13,5,10,2010
3069,13,488,9,2009
3070,13,438,9,2009
3071,13,393,9,2009
3072,13,351,9,2009
3073,13,345,9,2009
3074,13,288,9,2009
3075,13,271,9,2009
3076,13,189,9,2009
3077,13,23,9,2009
3078,13,391,8,2008
3079,13,123,8,2008
3080,13,S3,8,2008
3081,13,337,7,2007
3082,13,310,7,2007
3083,13,296,7,2007
3084,13,252,7,2007
3085,13,112,7,2007
3086,13,38,7,2007
3087,13,22,7,2007
3088,13,246,6,2006
3089,13,121,6,2006
3090,13,111,6,2006
3091,13,68,6,2006
3092,13,15,6,2006
3093,13,26,4,2004
3094,13,8,2,2002
3095,12,946,11,2011
3096,12,912,11,2011
3097,12,813,11,2011
3098,12,726,11,2011
3099,12,614,11,2011
3100,12,605,11,2011
3101,12,531,11,2011
3102,12,453,11,2011
3103,12,420,11,2011
3104,12,399,11,2011
3105,12,394,11,2011
3106,12,369,11,2011
3107,12,306,11,2011
3108,12,226,11,2011
3109,12,138,11,2011
3110,12,111,11,2011
3111,12,63,11,2011
3112,12,52,11,2011
3113,12,47,11,2011
3114,12,S9,11,2011
3115,12,S11,11,2011
3116,12,S2,11,2011
3117,12,S8,11,2011
3118,12,S27,11,2011
3119,12,742,10,2010
3120,12,739,10,2010
3121,12,604,10,2010
3122,12,590,10,2010
3123,12,389,10,2010
3124,12,350,10,2010
3125,12,343,10,2010
3126,12,305,10,2010
3127,12,206,10,2010
3128,12,86,10,2010
3129,12,3,10,2010
3130,12,399,9,2009
3131,12,398,9,2009
3132,12,397,9,2009
3133,12,383,9,2009
3134,12,269,9,2009
3135,12,247,9,2009
3136,12,245,9,2009
3137,12,234,9,2009
3138,12,200,9,2009
3139,12,123,9,2009
3140,12,95,9,2009
3141,12,16,9,2009
3142,12,S14,9,2009
3143,12,291,8,2008
3144,12,281,8,2008
3145,12,180,8,2008
3146,12,32,8,2008
3147,12,222,7,2007
3148,12,221,7,2007
3149,12,157,7,2007
3150,12,120,7,2007
3151,12,83,7,2007
3152,12,77,7,2007
3153,12,256,6,2006
3154,12,152,6,2006
3155,12,85,6,2006
3156,12,63,6,2006
3157,12,35,6,2006
3158,12,25,6,2006
3159,12,136,5,2005
3160,12,93,5,2005
3161,12,61,4,2004
3162,12,3,4,2004
3163,12,37,3,2003
3164,12,28,3,2003
3165,12,4,3,2003
3166,12,2,3,2003
3167,11,923,11,2011
3168,11,902,11,2011
3169,11,860,11,2011
3170,11,783,11,2011
3171,11,772,11,2011
3172,11,627,11,2011
3173,11,623,11,2011
3174,11,551,11,2011
3175,11,540,11,2011
3176,11,518,11,2011
3177,11,510,11,2011
3178,11,509,11,2011
3179,11,385,11,2011
3180,11,359,11,2011
3181,11,332,11,2011
3182,11,247,11,2011
3183,11,166,11,2011
3184,11,57,11,2011
3185,11,16,11,2011
3186,11,S6,11,2011
3187,11,S16,11,2011
3188,11,798,10,2010
3189,11,674,10,2010
3190,11,664,10,2010
3191,11,640,10,2010
3192,11,634,10,2010
3193,11,576,10,2010
3194,11,548,10,2010
3195,11,505,10,2010
3196,11,484,10,2010
3197,11,404,10,2010
3198,11,388,10,2010
3199,11,387,10,2010
3200,11,364,10,2010
3201,11,321,10,2010
3202,11,297,10,2010
3203,11,275,10,2010
3204,11,249,10,2010
3205,11,186,10,2010
3206,11,161,10,2010
3207,11,30,10,2010
3208,11,481,9,2009
3209,11,442,9,2009
3210,11,429,9,2009
3211,11,413,9,2009
3212,11,294,9,2009
3213,11,280,9,2009
3214,11,277,9,2009
3215,11,230,9,2009
3216,11,173,9,2009
3217,11,161,9,2009
3218,11,68,9,2009
3219,11,8,9,2009
3220,11,S9,9,2009
3221,11,397,8,2008
3222,11,240,8,2008
3223,11,131,8,2008
3224,11,31,8,2008
3225,11,251,7,2007
3226,11,215,7,2007
3227,11,203,7,2007
3228,11,198,7,2007
3229,11,173,7,2007
3230,11,103,7,2007
3231,11,93,7,2007
3232,11,79,7,2007
3233,11,45,7,2007
3234,11,8,7,2007
3235,11,7,7,2007
3236,11,302,6,2006
3237,11,257,6,2006
3238,11,150,6,2006
3239,11,122,6,2006
3240,11,86,6,2006
3241,11,64,5,2005
3242,11,47,5,2005
3243,11,42,3,2003
3244,11,24,3,2003
3245,10,960,11,2011
3246,10,957,11,2011
3247,10,939,11,2011
3248,10,810,11,2011
3249,10,800,11,2011
3250,10,797,11,2011
3251,10,743,11,2011
3252,10,702,11,2011
3253,10,686,11,2011
3254,10,664,11,2011
3255,10,616,11,2011
3256,10,557,11,2011
3257,10,556,11,2011
3258,10,546,11,2011
3259,10,528,11,2011
3260,10,521,11,2011
3261,10,497,11,2011
3262,10,452,11,2011
3263,10,436,11,2011
3264,10,398,11,2011
3265,10,344,11,2011
3266,10,307,11,2011
3267,10,286,11,2011
3268,10,273,11,2011
3269,10,186,11,2011
3270,10,158,11,2011
3271,10,116,11,2011
3272,10,85,11,2011
3273,10,S5,11,2011
3274,10,737,10,2010
3275,10,607,10,2010
3276,10,600,10,2010
3277,10,517,10,2010
3278,10,453,10,2010
3279,10,444,10,2010
3280,10,375,10,2010
3281,10,278,10,2010
3282,10,277,10,2010
3283,10,254,10,2010
3284,10,151,10,2010
3285,10,134,10,2010
3286,10,125,10,2010
3287,10,64,10,2010
3288,10,28,10,2010
3289,10,425,9,2009
3290,10,411,9,2009
3291,10,362,9,2009
3292,10,279,9,2009
3293,10,268,9,2009
3294,10,65,9,2009
3295,10,410,8,2008
3296,10,379,8,2008
3297,10,376,8,2008
3298,10,312,8,2008
3299,10,296,8,2008
3300,10,209,8,2008
3301,10,173,8,2008
3302,10,98,8,2008
3303,10,95,8,2008
3304,10,28,8,2008
3305,10,14,8,2008
3306,10,358,7,2007
3307,10,333,7,2007
3308,10,43,7,2007
3309,10,28,7,2007
3310,10,314,6,2006
3311,10,260,6,2006
3312,10,236,6,2006
3313,10,112,5,2005
3314,10,73,5,2005
3315,10,32,5,2005
3316,10,15,5,2005
3317,10,40,4,2004
3318,9,924,11,2011
3319,9,910,11,2011
3320,9,842,11,2011
3321,9,811,11,2011
3322,9,805,11,2011
3323,9,793,11,2011
3324,9,712,11,2011
3325,9,676,11,2011
3326,9,625,11,2011
3327,9,456,11,2011
3328,9,414,11,2011
3329,9,388,11,2011
3330,9,318,11,2011
3331,9,251,11,2011
3332,9,157,11,2011
3333,9,124,11,2011
3334,9,121,11,2011
3335,9,105,11,2011
3336,9,91,11,2011
3337,9,89,11,2011
3338,9,50,11,2011
3339,9,31,11,2011
3340,9,768,10,2010
3341,9,688,10,2010
3342,9,639,10,2010
3343,9,636,10,2010
3344,9,603,10,2010
3345,9,557,10,2010
3346,9,498,10,2010
3347,9,473,10,2010
3348,9,461,10,2010
3349,9,454,10,2010
3350,9,392,10,2010
3351,9,333,10,2010
3352,9,311,10,2010
3353,9,291,10,2010
3354,9,283,10,2010
3355,9,122,10,2010
3356,9,71,10,2010
3357,9,479,9,2009
3358,9,412,9,2009
3359,9,396,9,2009
3360,9,334,9,2009
3361,9,137,9,2009
3362,9,49,9,2009
3363,9,28,9,2009
3364,9,S12,9,2009
3365,9,386,8,2008
3366,9,378,8,2008
3367,9,311,8,2008
3368,9,211,8,2008
3369,9,185,8,2008
3370,9,169,8,2008
3371,9,35,8,2008
3372,9,323,7,2007
3373,9,322,7,2007
3374,9,301,7,2007
3375,9,300,7,2007
3376,9,264,7,2007
3377,9,210,7,2007
3378,9,146,7,2007
3379,9,99,7,2007
3380,9,47,7,2007
3381,9,4,7,2007
3382,9,62,6,2006
3383,9,45,6,2006
3384,9,5,6,2006
3385,9,18,5,2005
3386,9,9,5,2005
3387,9,59,4,2004
3388,9,15,1,2001
3389,9,4,1,2001
3390,8,953,11,2011
3391,8,866,11,2011
3392,8,809,11,2011
3393,8,747,11,2011
3394,8,740,11,2011
3395,8,469,11,2011
3396,8,445,11,2011
3397,8,411,11,2011
3398,8,367,11,2011
3399,8,343,11,2011
3400,8,260,11,2011
3401,8,99,11,2011
3402,8,90,11,2011
3403,8,54,11,2011
3404,8,27,11,2011
3405,8,S6,11,2011
3406,8,754,10,2010
3407,8,750,10,2010
3408,8,524,10,2010
3409,8,490,10,2010
3410,8,434,10,2010
3411,8,379,10,2010
3412,8,270,10,2010
3413,8,262,10,2010
3414,8,238,10,2010
3415,8,177,10,2010
3416,8,101,10,2010
3417,8,93,10,2010
3418,8,58,10,2010
3419,8,36,10,2010
3420,8,29,10,2010
3421,8,15,10,2010
3422,8,7,10,2010
3423,8,445,9,2009
3424,8,337,9,2009
3425,8,275,9,2009
3426,8,251,9,2009
3427,8,187,9,2009
3428,8,S13,9,2009
3429,8,308,8,2008
3430,8,298,8,2008
3431,8,290,8,2008
3432,8,242,8,2008
3433,8,238,8,2008
3434,8,145,8,2008
3435,8,141,8,2008
3436,8,114,8,2008
3437,8,59,8,2008
3438,8,40,8,2008
3439,8,351,7,2007
3440,8,329,7,2007
3441,8,293,7,2007
3442,8,229,7,2007
3443,8,124,7,2007
3444,8,107,7,2007
3445,8,49,7,2007
3446,8,298,6,2006
3447,8,254,6,2006
3448,8,55,6,2006
3449,8,47,6,2006
3450,8,113,5,2005
3451,8,5,5,2005
3452,8,17,2,2002
3453,7,945,11,2011
3454,7,926,11,2011
3455,7,906,11,2011
3456,7,901,11,2011
3457,7,900,11,2011
3458,7,863,11,2011
3459,7,698,11,2011
3460,7,697,11,2011
3461,7,693,11,2011
3462,7,691,11,2011
3463,7,576,11,2011
3464,7,364,11,2011
3465,7,255,11,2011
3466,7,216,11,2011
3467,7,171,11,2011
3468,7,147,11,2011
3469,7,129,11,2011
3470,7,123,11,2011
3471,7,25,11,2011
3472,7,I1,11,2011
3473,7,S1,11,2011
3474,7,749,10,2010
3475,7,747,10,2010
3476,7,719,10,2010
3477,7,685,10,2010
3478,7,617,10,2010
3479,7,536,10,2010
3480,7,523,10,2010
3481,7,495,10,2010
3482,7,457,10,2010
3483,7,358,10,2010
3484,7,355,10,2010
3485,7,241,10,2010
3486,7,203,10,2010
3487,7,77,10,2010
3488,7,318,9,2009
3489,7,300,9,2009
3490,7,278,9,2009
3491,7,255,9,2009
3492,7,227,9,2009
3493,7,63,9,2009
3494,7,32,9,2009
3495,7,307,8,2008
3496,7,295,8,2008
3497,7,278,8,2008
3498,7,264,8,2008
3499,7,189,8,2008
3500,7,184,8,2008
3501,7,138,8,2008
3502,7,113,8,2008
3503,7,71,8,2008
3504,7,13,8,2008
3505,7,191,7,2007
3506,7,67,7,2007
3507,7,243,6,2006
3508,7,216,6,2006
3509,7,28,6,2006
3510,7,123,5,2005
3511,7,117,5,2005
3512,7,103,5,2005
3513,7,76,5,2005
3514,7,54,4,2004
3515,7,20,4,2004
3516,7,21,2,2002
3517,6,931,11,2011
3518,6,758,11,2011
3519,6,757,11,2011
3520,6,626,11,2011
3521,6,622,11,2011
3522,6,610,11,2011
3523,6,516,11,2011
3524,6,495,11,2011
3525,6,480,11,2011
3526,6,471,11,2011
3527,6,397,11,2011
3528,6,377,11,2011
3529,6,321,11,2011
3530,6,293,11,2011
3531,6,117,11,2011
3532,6,103,11,2011
3533,6,37,11,2011
3534,6,S7,11,2011
3535,6,S1,11,2011
3536,6,S3,11,2011
3537,6,S6,11,2011
3538,6,S5,11,2011
3539,6,802,10,2010
3540,6,708,10,2010
3541,6,707,10,2010
3542,6,696,10,2010
3543,6,682,10,2010
3544,6,613,10,2010
3545,6,559,10,2010
3546,6,555,10,2010
3547,6,528,10,2010
3548,6,464,10,2010
3549,6,419,10,2010
3550,6,399,10,2010
3551,6,385,10,2010
3552,6,369,10,2010
3553,6,266,10,2010
3554,6,200,10,2010
3555,6,163,10,2010
3556,6,106,10,2010
3557,6,39,10,2010
3558,6,17,10,2010
3559,6,420,9,2009
3560,6,212,9,2009
3561,6,205,9,2009
3562,6,89,9,2009
3563,6,60,9,2009
3564,6,4,9,2009
3565,6,253,8,2008
3566,6,186,8,2008
3567,6,104,8,2008
3568,6,60,8,2008
3569,6,5,8,2008
3570,6,356,7,2007
3571,6,223,7,2007
3572,6,190,7,2007
3573,6,181,7,2007
3574,6,296,6,2006
3575,6,210,6,2006
3576,6,142,6,2006
3577,6,84,5,2005
3578,6,35,5,2005
3579,6,65,4,2004
3580,6,25,4,2004
3581,6,18,3,2003
3582,6,5,1,2001
3583,5,937,11,2011
3584,5,903,11,2011
3585,5,873,11,2011
3586,5,725,11,2011
3587,5,636,11,2011
3588,5,628,11,2011
3589,5,524,11,2011
3590,5,415,11,2011
3591,5,413,11,2011
3592,5,381,11,2011
3593,5,345,11,2011
3594,5,322,11,2011
3595,5,281,11,2011
3596,5,128,11,2011
3597,5,S2,11,2011
3598,5,S2,11,2011
3599,5,S12,11,2011
3600,5,625,10,2010
3601,5,615,10,2010
3602,5,568,10,2010
3603,5,546,10,2010
3604,5,424,10,2010
3605,5,370,10,2010
3606,5,308,10,2010
3607,5,152,10,2010
3608,5,124,10,2010
3609,5,35,10,2010
3610,5,33,10,2010
3611,5,S13,10,2010
3612,5,S4,10,2010
3613,5,494,9,2009
3614,5,472,9,2009
3615,5,468,9,2009
3616,5,466,9,2009
3617,5,459,9,2009
3618,5,326,9,2009
3619,5,323,9,2009
3620,5,263,9,2009
3621,5,219,9,2009
3622,5,202,9,2009
3623,5,188,9,2009
3624,5,427,8,2008
3625,5,362,8,2008
3626,5,297,8,2008
3627,5,236,8,2008
3628,5,137,8,2008
3629,5,130,8,2008
3630,5,99,8,2008
3631,5,S2,8,2008
3632,5,S1,8,2008
3633,5,294,7,2007
3634,5,286,7,2007
3635,5,237,7,2007
3636,5,55,7,2007
3637,5,25,7,2007
3638,5,313,6,2006
3639,5,126,6,2006
3640,5,113,6,2006
3641,5,77,6,2006
3642,5,56,6,2006
3643,5,7,6,2006
3644,5,8,4,2004
3645,4,771,11,2011
3646,4,763,11,2011
3647,4,728,11,2011
3648,4,683,11,2011
3649,4,666,11,2011
3650,4,594,11,2011
3651,4,506,11,2011
3652,4,455,11,2011
3653,4,202,11,2011
3654,4,137,11,2011
3655,4,18,11,2011
3656,4,S5,11,2011
3657,4,S7,11,2011
3658,4,773,10,2010
3659,4,770,10,2010
3660,4,759,10,2010
3661,4,681,10,2010
3662,4,666,10,2010
3663,4,665,10,2010
3664,4,642,10,2010
3665,4,623,10,2010
3666,4,580,10,2010
3667,4,500,10,2010
3668,4,449,10,2010
3669,4,264,10,2010
3670,4,243,10,2010
3671,4,185,10,2010
3672,4,170,10,2010
3673,4,S10,10,2010
3674,4,S7,10,2010
3675,4,407,9,2009
3676,4,256,9,2009
3677,4,179,9,2009
3678,4,80,9,2009
3679,4,S11,9,2009
3680,4,334,8,2008
3681,4,318,8,2008
3682,4,217,8,2008
3683,4,212,8,2008
3684,4,58,8,2008
3685,4,145,7,2007
3686,4,80,6,2006
3687,4,91,5,2005
3688,4,38,5,2005
3689,4,2,5,2005
3690,4,14,4,2004
3691,4,4,4,2004
3692,4,19,2,2002
3693,4,13,1,2001
3694,3,958,11,2011
3695,3,922,11,2011
3696,3,852,11,2011
3697,3,817,11,2011
3698,3,750,11,2011
3699,3,739,11,2011
3700,3,714,11,2011
3701,3,713,11,2011
3702,3,687,11,2011
3703,3,548,11,2011
3704,3,473,11,2011
3705,3,405,11,2011
3706,3,361,11,2011
3707,3,242,11,2011
3708,3,220,11,2011
3709,3,144,11,2011
3710,3,S10,11,2011
3711,3,S1,11,2011
3712,3,692,10,2010
3713,3,620,10,2010
3714,3,577,10,2010
3715,3,155,10,2010
3716,3,84,10,2010
3717,3,444,9,2009
3718,3,244,9,2009
3719,3,198,9,2009
3720,3,82,9,2009
3721,3,24,8,2008
3722,3,319,7,2007
3723,3,214,7,2007
3724,3,297,6,2006
3725,3,293,6,2006
3726,3,145,6,2006
3727,3,107,6,2006
3728,3,60,6,2006
3729,3,34,5,2005
3730,3,33,5,2005
3731,2,892,11,2011
3732,2,889,11,2011
3733,2,449,11,2011
3734,2,324,11,2011
3735,2,280,11,2011
3736,2,153,11,2011
3737,2,41,11,2011
3738,2,S7,11,2011
3739,2,S33,11,2011
3740,2,796,10,2010
3741,2,605,10,2010
3742,2,571,10,2010
3743,2,244,10,2010
3744,2,202,10,2010
3745,2,432,9,2009
3746,2,257,9,2009
3747,2,90,9,2009
3748,2,158,8,2008
3749,2,88,8,2008
3750,2,193,7,2007
3751,2,127,7,2007
3752,2,90,7,2007
3753,2,245,6,2006
3754,2,218,6,2006
3755,2,200,6,2006
3756,2,29,5,2005
3757,2,52,4,2004
3758,2,25,3,2003
3759,1,752,11,2011
3760,1,555,11,2011
3761,1,504,11,2011
3762,1,430,11,2011
3763,1,254,11,2011
3764,1,44,11,2011
3765,1,694,10,2010
3766,1,221,10,2010
3767,1,136,10,2010
3768,1,157,9,2009
3769,1,252,8,2008
3770,1,242,7,2007
3771,1,264,6,2006
3772,1,69,4,2004
3773,1,16,4,2004
3774,1,15,2,2002
3775,1,16,1,2001
3776,0,631,11,2011
3777,0,392,11,2011
3778,0,646,10,2010
3779,0,279,10,2010
3780,0,307,7,2007
3781,0,305,7,2007
3782,0,305,6,2006
3783,0,60,5,2005
